step,event,fund,return_percent,label,amount_ars,pool_available,treasury_surplus,protected_withdrawable,mp_fee_in_cumulative,mp_fee_out_user_cumulative,iibb_cumulative,ganancias_cumulative,platform_cost_cumulative,notes
1,subscription,Capital Shield,6,Investment1,100000,100000.00,33500.00,66500.00,6000.00,0.00,3500.00,8375.00,17875.00,"+33500 surplus on subscribe (Capital Shield, 3+1 cohort); platform MP in 6000 ARS (6%); IIBB est. 3500 ARS (3.5%); Ganancias est. 8375 ARS (25% of surplus slice)"
2,subscription,Capital Shield,6,Investment2,100000,200000.00,67000.00,133000.00,12000.00,0.00,7000.00,16750.00,35750.00,"+33500 surplus on subscribe (Capital Shield, 3+1 cohort); platform MP in 6000 ARS (6%); IIBB est. 3500 ARS (3.5%); Ganancias est. 8375 ARS (25% of surplus slice)"
3,subscription,Growth Partners,25,Investment3,100000,300000.00,95750.00,204250.00,18000.00,0.00,10500.00,23937.50,52437.50,"+28750 surplus on subscribe (Growth Partners, 3+1 cohort); platform MP in 6000 ARS (6%); IIBB est. 3500 ARS (3.5%); Ganancias est. 7187.5 ARS (25% of surplus slice)"
4,subscription,Aggressive Alpha,40,Investment4,100000,400000.00,120750.00,279250.00,24000.00,0.00,14000.00,30187.50,68187.50,"+25000 surplus on subscribe (Aggressive Alpha, 3+1 cohort); platform MP in 6000 ARS (6%); IIBB est. 3500 ARS (3.5%); Ganancias est. 6250 ARS (25% of surplus slice)"
5,surplus_payout,Capital Shield,6,Investment1,106000,294000.00,14750.00,279250.00,24000.00,6360.00,14000.00,30187.50,68187.50,"Surplus ≥ 106000; pool and surplus −106000; user MP out ~6360 ARS (6%, absorbed by user)"
6,subscription,Growth Partners,25,Investment5,100000,394000.00,43500.00,350500.00,30000.00,6360.00,17500.00,37375.00,84875.00,"+28750 surplus on subscribe (Growth Partners, 3+1 cohort); platform MP in 6000 ARS (6%); IIBB est. 3500 ARS (3.5%); Ganancias est. 7187.5 ARS (25% of surplus slice)"
7,payout,Capital Shield,6,Investment2,106000,288000.00,43500.00,244500.00,30000.00,12720.00,17500.00,37375.00,84875.00,"Cohort payout 106000 ARS (6%); unlocked by Investment3, Investment4, Investment5 (3 unlockers); user MP out ~6360 ARS (6%, absorbed by user)"
8,subscription,Growth Partners,25,Investment6,100000,388000.00,72250.00,315750.00,36000.00,12720.00,21000.00,44562.50,101562.50,"+28750 surplus on subscribe (Growth Partners, 3+1 cohort); platform MP in 6000 ARS (6%); IIBB est. 3500 ARS (3.5%); Ganancias est. 7187.5 ARS (25% of surplus slice)"
9,subscription,Stable Yield,10,Investment7,100000,488000.00,104750.00,383250.00,42000.00,12720.00,24500.00,52687.50,119187.50,"+32500 surplus on subscribe (Stable Yield, 3+1 cohort); platform MP in 6000 ARS (6%); IIBB est. 3500 ARS (3.5%); Ganancias est. 8125 ARS (25% of surplus slice)"
10,subscription,Stable Yield,10,Investment8,100000,588000.00,137250.00,450750.00,48000.00,12720.00,28000.00,60812.50,136812.50,"+32500 surplus on subscribe (Stable Yield, 3+1 cohort); platform MP in 6000 ARS (6%); IIBB est. 3500 ARS (3.5%); Ganancias est. 8125 ARS (25% of surplus slice)"
11,surplus_payout,Growth Partners,25,Investment3,125000,463000.00,12250.00,450750.00,48000.00,20220.00,28000.00,60812.50,136812.50,"Surplus ≥ 125000; pool and surplus −125000; user MP out ~7500 ARS (6%, absorbed by user)"
12,payout,Aggressive Alpha,40,Investment4,140000,323000.00,12250.00,310750.00,48000.00,28620.00,28000.00,60812.50,136812.50,"Cohort payout 140000 ARS (40%); unlocked by Investment6, Investment7, Investment8 (3 unlockers); user MP out ~8400 ARS (6%, absorbed by user)"
13,subscription,Capital Shield,6,Investment9,100000,423000.00,45750.00,377250.00,54000.00,28620.00,31500.00,69187.50,154687.50,"+33500 surplus on subscribe (Capital Shield, 3+1 cohort); platform MP in 6000 ARS (6%); IIBB est. 3500 ARS (3.5%); Ganancias est. 8375 ARS (25% of surplus slice)"
14,subscription,Balanced Growth,15,Investment10,100000,523000.00,77000.00,446000.00,60000.00,28620.00,35000.00,77000.00,172000.00,"+31250 surplus on subscribe (Balanced Growth, 3+1 cohort); platform MP in 6000 ARS (6%); IIBB est. 3500 ARS (3.5%); Ganancias est. 7812.5 ARS (25% of surplus slice)"
15,subscription,Stable Yield,10,Investment11,100000,623000.00,109500.00,513500.00,66000.00,28620.00,38500.00,85125.00,189625.00,"+32500 surplus on subscribe (Stable Yield, 3+1 cohort); platform MP in 6000 ARS (6%); IIBB est. 3500 ARS (3.5%); Ganancias est. 8125 ARS (25% of surplus slice)"
16,surplus_payout,Capital Shield,6,Investment9,106000,517000.00,3500.00,513500.00,66000.00,34980.00,38500.00,85125.00,189625.00,"Surplus ≥ 106000; pool and surplus −106000; user MP out ~6360 ARS (6%, absorbed by user)"
17,payout,Growth Partners,25,Investment5,125000,392000.00,3500.00,388500.00,66000.00,42480.00,38500.00,85125.00,189625.00,"Cohort payout 125000 ARS (25%); unlocked by Investment9, Investment10, Investment11 (3 unlockers); user MP out ~7500 ARS (6%, absorbed by user)"
18,subscription,Balanced Growth,15,Investment12,100000,492000.00,34750.00,457250.00,72000.00,42480.00,42000.00,92937.50,206937.50,"+31250 surplus on subscribe (Balanced Growth, 3+1 cohort); platform MP in 6000 ARS (6%); IIBB est. 3500 ARS (3.5%); Ganancias est. 7812.5 ARS (25% of surplus slice)"
19,subscription,Capital Shield,6,Investment13,100000,592000.00,68250.00,523750.00,78000.00,42480.00,45500.00,101312.50,224812.50,"+33500 surplus on subscribe (Capital Shield, 3+1 cohort); platform MP in 6000 ARS (6%); IIBB est. 3500 ARS (3.5%); Ganancias est. 8375 ARS (25% of surplus slice)"
20,subscription,Stable Yield,10,Investment14,100000,692000.00,100750.00,591250.00,84000.00,42480.00,49000.00,109437.50,242437.50,"+32500 surplus on subscribe (Stable Yield, 3+1 cohort); platform MP in 6000 ARS (6%); IIBB est. 3500 ARS (3.5%); Ganancias est. 8125 ARS (25% of surplus slice)"
21,payout,Growth Partners,25,Investment6,125000,567000.00,100750.00,466250.00,84000.00,49980.00,49000.00,109437.50,242437.50,"Cohort payout 125000 ARS (25%); unlocked by Investment12, Investment13, Investment14 (3 unlockers); user MP out ~7500 ARS (6%, absorbed by user)"
22,subscription,Aggressive Alpha,40,Investment15,100000,667000.00,125750.00,541250.00,90000.00,49980.00,52500.00,115687.50,258187.50,"+25000 surplus on subscribe (Aggressive Alpha, 3+1 cohort); platform MP in 6000 ARS (6%); IIBB est. 3500 ARS (3.5%); Ganancias est. 6250 ARS (25% of surplus slice)"
23,surplus_payout,Stable Yield,10,Investment7,110000,557000.00,15750.00,541250.00,90000.00,56580.00,52500.00,115687.50,258187.50,"Surplus ≥ 110000; pool and surplus −110000; user MP out ~6600 ARS (6%, absorbed by user)"
24,subscription,Growth Partners,25,Investment16,100000,657000.00,44500.00,612500.00,96000.00,56580.00,56000.00,122875.00,274875.00,"+28750 surplus on subscribe (Growth Partners, 3+1 cohort); platform MP in 6000 ARS (6%); IIBB est. 3500 ARS (3.5%); Ganancias est. 7187.5 ARS (25% of surplus slice)"
25,subscription,Aggressive Alpha,40,Investment17,100000,757000.00,69500.00,687500.00,102000.00,56580.00,59500.00,129125.00,290625.00,"+25000 surplus on subscribe (Aggressive Alpha, 3+1 cohort); platform MP in 6000 ARS (6%); IIBB est. 3500 ARS (3.5%); Ganancias est. 6250 ARS (25% of surplus slice)"
26,payout,Stable Yield,10,Investment8,110000,647000.00,69500.00,577500.00,102000.00,63180.00,59500.00,129125.00,290625.00,"Cohort payout 110000 ARS (10%); unlocked by Investment15, Investment16, Investment17 (3 unlockers); user MP out ~6600 ARS (6%, absorbed by user)"
27,subscription,Capital Shield,6,Investment18,100000,747000.00,103000.00,644000.00,108000.00,63180.00,63000.00,137500.00,308500.00,"+33500 surplus on subscribe (Capital Shield, 3+1 cohort); platform MP in 6000 ARS (6%); IIBB est. 3500 ARS (3.5%); Ganancias est. 8375 ARS (25% of surplus slice)"
28,subscription,Aggressive Alpha,40,Investment19,100000,847000.00,128000.00,719000.00,114000.00,63180.00,66500.00,143750.00,324250.00,"+25000 surplus on subscribe (Aggressive Alpha, 3+1 cohort); platform MP in 6000 ARS (6%); IIBB est. 3500 ARS (3.5%); Ganancias est. 6250 ARS (25% of surplus slice)"
29,surplus_payout,Balanced Growth,15,Investment10,115000,732000.00,13000.00,719000.00,114000.00,70080.00,66500.00,143750.00,324250.00,"Surplus ≥ 115000; pool and surplus −115000; user MP out ~6900 ARS (6%, absorbed by user)"
30,subscription,Balanced Growth,15,Investment20,100000,832000.00,44250.00,787750.00,120000.00,70080.00,70000.00,151562.50,341562.50,"+31250 surplus on subscribe (Balanced Growth, 3+1 cohort); platform MP in 6000 ARS (6%); IIBB est. 3500 ARS (3.5%); Ganancias est. 7812.5 ARS (25% of surplus slice)"
31,payout,Stable Yield,10,Investment11,110000,722000.00,44250.00,677750.00,120000.00,76680.00,70000.00,151562.50,341562.50,"Cohort payout 110000 ARS (10%); unlocked by Investment18, Investment19, Investment20 (3 unlockers); user MP out ~6600 ARS (6%, absorbed by user)"
32,subscription,Aggressive Alpha,40,Investment21,100000,822000.00,69250.00,752750.00,126000.00,76680.00,73500.00,157812.50,357312.50,"+25000 surplus on subscribe (Aggressive Alpha, 3+1 cohort); platform MP in 6000 ARS (6%); IIBB est. 3500 ARS (3.5%); Ganancias est. 6250 ARS (25% of surplus slice)"
33,subscription,Growth Partners,25,Investment22,100000,922000.00,98000.00,824000.00,132000.00,76680.00,77000.00,165000.00,374000.00,"+28750 surplus on subscribe (Growth Partners, 3+1 cohort); platform MP in 6000 ARS (6%); IIBB est. 3500 ARS (3.5%); Ganancias est. 7187.5 ARS (25% of surplus slice)"
34,subscription,Aggressive Alpha,40,Investment23,100000,1022000.00,123000.00,899000.00,138000.00,76680.00,80500.00,171250.00,389750.00,"+25000 surplus on subscribe (Aggressive Alpha, 3+1 cohort); platform MP in 6000 ARS (6%); IIBB est. 3500 ARS (3.5%); Ganancias est. 6250 ARS (25% of surplus slice)"
35,surplus_payout,Balanced Growth,15,Investment12,115000,907000.00,8000.00,899000.00,138000.00,83580.00,80500.00,171250.00,389750.00,"Surplus ≥ 115000; pool and surplus −115000; user MP out ~6900 ARS (6%, absorbed by user)"
36,payout,Capital Shield,6,Investment13,106000,801000.00,8000.00,793000.00,138000.00,89940.00,80500.00,171250.00,389750.00,"Cohort payout 106000 ARS (6%); unlocked by Investment21, Investment22, Investment23 (3 unlockers); user MP out ~6360 ARS (6%, absorbed by user)"
37,subscription,Capital Shield,6,Investment24,100000,901000.00,41500.00,859500.00,144000.00,89940.00,84000.00,179625.00,407625.00,"+33500 surplus on subscribe (Capital Shield, 3+1 cohort); platform MP in 6000 ARS (6%); IIBB est. 3500 ARS (3.5%); Ganancias est. 8375 ARS (25% of surplus slice)"
38,subscription,Growth Partners,25,Investment25,100000,1001000.00,70250.00,930750.00,150000.00,89940.00,87500.00,186812.50,424312.50,"+28750 surplus on subscribe (Growth Partners, 3+1 cohort); platform MP in 6000 ARS (6%); IIBB est. 3500 ARS (3.5%); Ganancias est. 7187.5 ARS (25% of surplus slice)"
39,subscription,Balanced Growth,15,Investment26,100000,1101000.00,101500.00,999500.00,156000.00,89940.00,91000.00,194625.00,441625.00,"+31250 surplus on subscribe (Balanced Growth, 3+1 cohort); platform MP in 6000 ARS (6%); IIBB est. 3500 ARS (3.5%); Ganancias est. 7812.5 ARS (25% of surplus slice)"
40,payout,Stable Yield,10,Investment14,110000,991000.00,101500.00,889500.00,156000.00,96540.00,91000.00,194625.00,441625.00,"Cohort payout 110000 ARS (10%); unlocked by Investment24, Investment25, Investment26 (3 unlockers); user MP out ~6600 ARS (6%, absorbed by user)"
41,subscription,Aggressive Alpha,40,Investment27,100000,1091000.00,126500.00,964500.00,162000.00,96540.00,94500.00,200875.00,457375.00,"+25000 surplus on subscribe (Aggressive Alpha, 3+1 cohort); platform MP in 6000 ARS (6%); IIBB est. 3500 ARS (3.5%); Ganancias est. 6250 ARS (25% of surplus slice)"
42,surplus_payout,Growth Partners,25,Investment16,125000,966000.00,1500.00,964500.00,162000.00,104040.00,94500.00,200875.00,457375.00,"Surplus ≥ 125000; pool and surplus −125000; user MP out ~7500 ARS (6%, absorbed by user)"
43,subscription,Growth Partners,25,Investment28,100000,1066000.00,30250.00,1035750.00,168000.00,104040.00,98000.00,208062.50,474062.50,"+28750 surplus on subscribe (Growth Partners, 3+1 cohort); platform MP in 6000 ARS (6%); IIBB est. 3500 ARS (3.5%); Ganancias est. 7187.5 ARS (25% of surplus slice)"
44,subscription,Balanced Growth,15,Investment29,100000,1166000.00,61500.00,1104500.00,174000.00,104040.00,101500.00,215875.00,491375.00,"+31250 surplus on subscribe (Balanced Growth, 3+1 cohort); platform MP in 6000 ARS (6%); IIBB est. 3500 ARS (3.5%); Ganancias est. 7812.5 ARS (25% of surplus slice)"
45,payout,Aggressive Alpha,40,Investment15,140000,1026000.00,61500.00,964500.00,174000.00,112440.00,101500.00,215875.00,491375.00,"Cohort payout 140000 ARS (40%); unlocked by Investment27, Investment28, Investment29 (3 unlockers); user MP out ~8400 ARS (6%, absorbed by user)"
46,subscription,Stable Yield,10,Investment30,100000,1126000.00,94000.00,1032000.00,180000.00,112440.00,105000.00,224000.00,509000.00,"+32500 surplus on subscribe (Stable Yield, 3+1 cohort); platform MP in 6000 ARS (6%); IIBB est. 3500 ARS (3.5%); Ganancias est. 8125 ARS (25% of surplus slice)"
47,subscription,Aggressive Alpha,40,Investment31,100000,1226000.00,119000.00,1107000.00,186000.00,112440.00,108500.00,230250.00,524750.00,"+25000 surplus on subscribe (Aggressive Alpha, 3+1 cohort); platform MP in 6000 ARS (6%); IIBB est. 3500 ARS (3.5%); Ganancias est. 6250 ARS (25% of surplus slice)"
48,surplus_payout,Capital Shield,6,Investment18,106000,1120000.00,13000.00,1107000.00,186000.00,118800.00,108500.00,230250.00,524750.00,"Surplus ≥ 106000; pool and surplus −106000; user MP out ~6360 ARS (6%, absorbed by user)"
49,subscription,Balanced Growth,15,Investment32,100000,1220000.00,44250.00,1175750.00,192000.00,118800.00,112000.00,238062.50,542062.50,"+31250 surplus on subscribe (Balanced Growth, 3+1 cohort); platform MP in 6000 ARS (6%); IIBB est. 3500 ARS (3.5%); Ganancias est. 7812.5 ARS (25% of surplus slice)"
50,payout,Aggressive Alpha,40,Investment17,140000,1080000.00,44250.00,1035750.00,192000.00,127200.00,112000.00,238062.50,542062.50,"Cohort payout 140000 ARS (40%); unlocked by Investment30, Investment31, Investment32 (3 unlockers); user MP out ~8400 ARS (6%, absorbed by user)"
51,subscription,Capital Shield,6,Investment33,100000,1180000.00,77750.00,1102250.00,198000.00,127200.00,115500.00,246437.50,559937.50,"+33500 surplus on subscribe (Capital Shield, 3+1 cohort); platform MP in 6000 ARS (6%); IIBB est. 3500 ARS (3.5%); Ganancias est. 8375 ARS (25% of surplus slice)"
52,subscription,Growth Partners,25,Investment34,100000,1280000.00,106500.00,1173500.00,204000.00,127200.00,119000.00,253625.00,576625.00,"+28750 surplus on subscribe (Growth Partners, 3+1 cohort); platform MP in 6000 ARS (6%); IIBB est. 3500 ARS (3.5%); Ganancias est. 7187.5 ARS (25% of surplus slice)"
53,surplus_payout,Capital Shield,6,Investment24,106000,1174000.00,500.00,1173500.00,204000.00,133560.00,119000.00,253625.00,576625.00,"Surplus ≥ 106000; pool and surplus −106000; user MP out ~6360 ARS (6%, absorbed by user)"
54,subscription,Stable Yield,10,Investment35,100000,1274000.00,33000.00,1241000.00,210000.00,133560.00,122500.00,261750.00,594250.00,"+32500 surplus on subscribe (Stable Yield, 3+1 cohort); platform MP in 6000 ARS (6%); IIBB est. 3500 ARS (3.5%); Ganancias est. 8125 ARS (25% of surplus slice)"
55,payout,Aggressive Alpha,40,Investment19,140000,1134000.00,33000.00,1101000.00,210000.00,141960.00,122500.00,261750.00,594250.00,"Cohort payout 140000 ARS (40%); unlocked by Investment33, Investment34, Investment35 (3 unlockers); user MP out ~8400 ARS (6%, absorbed by user)"
56,subscription,Aggressive Alpha,40,Investment36,100000,1234000.00,58000.00,1176000.00,216000.00,141960.00,126000.00,268000.00,610000.00,"+25000 surplus on subscribe (Aggressive Alpha, 3+1 cohort); platform MP in 6000 ARS (6%); IIBB est. 3500 ARS (3.5%); Ganancias est. 6250 ARS (25% of surplus slice)"
57,subscription,Stable Yield,10,Investment37,100000,1334000.00,90500.00,1243500.00,222000.00,141960.00,129500.00,276125.00,627625.00,"+32500 surplus on subscribe (Stable Yield, 3+1 cohort); platform MP in 6000 ARS (6%); IIBB est. 3500 ARS (3.5%); Ganancias est. 8125 ARS (25% of surplus slice)"
58,subscription,Growth Partners,25,Investment38,100000,1434000.00,119250.00,1314750.00,228000.00,141960.00,133000.00,283312.50,644312.50,"+28750 surplus on subscribe (Growth Partners, 3+1 cohort); platform MP in 6000 ARS (6%); IIBB est. 3500 ARS (3.5%); Ganancias est. 7187.5 ARS (25% of surplus slice)"
59,surplus_payout,Balanced Growth,15,Investment20,115000,1319000.00,4250.00,1314750.00,228000.00,148860.00,133000.00,283312.50,644312.50,"Surplus ≥ 115000; pool and surplus −115000; user MP out ~6900 ARS (6%, absorbed by user)"
60,payout,Aggressive Alpha,40,Investment21,140000,1179000.00,4250.00,1174750.00,228000.00,157260.00,133000.00,283312.50,644312.50,"Cohort payout 140000 ARS (40%); unlocked by Investment36, Investment37, Investment38 (3 unlockers); user MP out ~8400 ARS (6%, absorbed by user)"
61,subscription,Balanced Growth,15,Investment39,100000,1279000.00,35500.00,1243500.00,234000.00,157260.00,136500.00,291125.00,661625.00,"+31250 surplus on subscribe (Balanced Growth, 3+1 cohort); platform MP in 6000 ARS (6%); IIBB est. 3500 ARS (3.5%); Ganancias est. 7812.5 ARS (25% of surplus slice)"
62,subscription,Stable Yield,10,Investment40,100000,1379000.00,68000.00,1311000.00,240000.00,157260.00,140000.00,299250.00,679250.00,"+32500 surplus on subscribe (Stable Yield, 3+1 cohort); platform MP in 6000 ARS (6%); IIBB est. 3500 ARS (3.5%); Ganancias est. 8125 ARS (25% of surplus slice)"
63,subscription,Balanced Growth,15,Investment41,100000,1479000.00,99250.00,1379750.00,246000.00,157260.00,143500.00,307062.50,696562.50,"+31250 surplus on subscribe (Balanced Growth, 3+1 cohort); platform MP in 6000 ARS (6%); IIBB est. 3500 ARS (3.5%); Ganancias est. 7812.5 ARS (25% of surplus slice)"
64,payout,Growth Partners,25,Investment22,125000,1354000.00,99250.00,1254750.00,246000.00,164760.00,143500.00,307062.50,696562.50,"Cohort payout 125000 ARS (25%); unlocked by Investment39, Investment40, Investment41 (3 unlockers); user MP out ~7500 ARS (6%, absorbed by user)"
65,subscription,Growth Partners,25,Investment42,100000,1454000.00,128000.00,1326000.00,252000.00,164760.00,147000.00,314250.00,713250.00,"+28750 surplus on subscribe (Growth Partners, 3+1 cohort); platform MP in 6000 ARS (6%); IIBB est. 3500 ARS (3.5%); Ganancias est. 7187.5 ARS (25% of surplus slice)"
66,surplus_payout,Growth Partners,25,Investment25,125000,1329000.00,3000.00,1326000.00,252000.00,172260.00,147000.00,314250.00,713250.00,"Surplus ≥ 125000; pool and surplus −125000; user MP out ~7500 ARS (6%, absorbed by user)"
67,subscription,Aggressive Alpha,40,Investment43,100000,1429000.00,28000.00,1401000.00,258000.00,172260.00,150500.00,320500.00,729000.00,"+25000 surplus on subscribe (Aggressive Alpha, 3+1 cohort); platform MP in 6000 ARS (6%); IIBB est. 3500 ARS (3.5%); Ganancias est. 6250 ARS (25% of surplus slice)"
68,subscription,Capital Shield,6,Investment44,100000,1529000.00,61500.00,1467500.00,264000.00,172260.00,154000.00,328875.00,746875.00,"+33500 surplus on subscribe (Capital Shield, 3+1 cohort); platform MP in 6000 ARS (6%); IIBB est. 3500 ARS (3.5%); Ganancias est. 8375 ARS (25% of surplus slice)"
69,payout,Aggressive Alpha,40,Investment23,140000,1389000.00,61500.00,1327500.00,264000.00,180660.00,154000.00,328875.00,746875.00,"Cohort payout 140000 ARS (40%); unlocked by Investment42, Investment43, Investment44 (3 unlockers); user MP out ~8400 ARS (6%, absorbed by user)"
70,subscription,Balanced Growth,15,Investment45,100000,1489000.00,92750.00,1396250.00,270000.00,180660.00,157500.00,336687.50,764187.50,"+31250 surplus on subscribe (Balanced Growth, 3+1 cohort); platform MP in 6000 ARS (6%); IIBB est. 3500 ARS (3.5%); Ganancias est. 7812.5 ARS (25% of surplus slice)"
71,subscription,Aggressive Alpha,40,Investment46,100000,1589000.00,117750.00,1471250.00,276000.00,180660.00,161000.00,342937.50,779937.50,"+25000 surplus on subscribe (Aggressive Alpha, 3+1 cohort); platform MP in 6000 ARS (6%); IIBB est. 3500 ARS (3.5%); Ganancias est. 6250 ARS (25% of surplus slice)"
72,surplus_payout,Balanced Growth,15,Investment26,115000,1474000.00,2750.00,1471250.00,276000.00,187560.00,161000.00,342937.50,779937.50,"Surplus ≥ 115000; pool and surplus −115000; user MP out ~6900 ARS (6%, absorbed by user)"
73,subscription,Stable Yield,10,Investment47,100000,1574000.00,35250.00,1538750.00,282000.00,187560.00,164500.00,351062.50,797562.50,"+32500 surplus on subscribe (Stable Yield, 3+1 cohort); platform MP in 6000 ARS (6%); IIBB est. 3500 ARS (3.5%); Ganancias est. 8125 ARS (25% of surplus slice)"
74,payout,Aggressive Alpha,40,Investment27,140000,1434000.00,35250.00,1398750.00,282000.00,195960.00,164500.00,351062.50,797562.50,"Cohort payout 140000 ARS (40%); unlocked by Investment45, Investment46, Investment47 (3 unlockers); user MP out ~8400 ARS (6%, absorbed by user)"
75,subscription,Balanced Growth,15,Investment48,100000,1534000.00,66500.00,1467500.00,288000.00,195960.00,168000.00,358875.00,814875.00,"+31250 surplus on subscribe (Balanced Growth, 3+1 cohort); platform MP in 6000 ARS (6%); IIBB est. 3500 ARS (3.5%); Ganancias est. 7812.5 ARS (25% of surplus slice)"
76,subscription,Balanced Growth,15,Investment49,100000,1634000.00,97750.00,1536250.00,294000.00,195960.00,171500.00,366687.50,832187.50,"+31250 surplus on subscribe (Balanced Growth, 3+1 cohort); platform MP in 6000 ARS (6%); IIBB est. 3500 ARS (3.5%); Ganancias est. 7812.5 ARS (25% of surplus slice)"
77,subscription,Capital Shield,6,Investment50,100000,1734000.00,131250.00,1602750.00,300000.00,195960.00,175000.00,375062.50,850062.50,"+33500 surplus on subscribe (Capital Shield, 3+1 cohort); platform MP in 6000 ARS (6%); IIBB est. 3500 ARS (3.5%); Ganancias est. 8375 ARS (25% of surplus slice)"
78,surplus_payout,Growth Partners,25,Investment28,125000,1609000.00,6250.00,1602750.00,300000.00,203460.00,175000.00,375062.50,850062.50,"Surplus ≥ 125000; pool and surplus −125000; user MP out ~7500 ARS (6%, absorbed by user)"
79,payout,Balanced Growth,15,Investment29,115000,1494000.00,6250.00,1487750.00,300000.00,210360.00,175000.00,375062.50,850062.50,"Cohort payout 115000 ARS (15%); unlocked by Investment48, Investment49, Investment50 (3 unlockers); user MP out ~6900 ARS (6%, absorbed by user)"
80,subscription,Capital Shield,6,Investment51,100000,1594000.00,39750.00,1554250.00,306000.00,210360.00,178500.00,383437.50,867937.50,"+33500 surplus on subscribe (Capital Shield, 3+1 cohort); platform MP in 6000 ARS (6%); IIBB est. 3500 ARS (3.5%); Ganancias est. 8375 ARS (25% of surplus slice)"
81,subscription,Stable Yield,10,Investment52,100000,1694000.00,72250.00,1621750.00,312000.00,210360.00,182000.00,391562.50,885562.50,"+32500 surplus on subscribe (Stable Yield, 3+1 cohort); platform MP in 6000 ARS (6%); IIBB est. 3500 ARS (3.5%); Ganancias est. 8125 ARS (25% of surplus slice)"
82,subscription,Aggressive Alpha,40,Investment53,100000,1794000.00,97250.00,1696750.00,318000.00,210360.00,185500.00,397812.50,901312.50,"+25000 surplus on subscribe (Aggressive Alpha, 3+1 cohort); platform MP in 6000 ARS (6%); IIBB est. 3500 ARS (3.5%); Ganancias est. 6250 ARS (25% of surplus slice)"
83,payout,Stable Yield,10,Investment30,110000,1684000.00,97250.00,1586750.00,318000.00,216960.00,185500.00,397812.50,901312.50,"Cohort payout 110000 ARS (10%); unlocked by Investment51, Investment52, Investment53 (3 unlockers); user MP out ~6600 ARS (6%, absorbed by user)"
84,subscription,Balanced Growth,15,Investment54,100000,1784000.00,128500.00,1655500.00,324000.00,216960.00,189000.00,405625.00,918625.00,"+31250 surplus on subscribe (Balanced Growth, 3+1 cohort); platform MP in 6000 ARS (6%); IIBB est. 3500 ARS (3.5%); Ganancias est. 7812.5 ARS (25% of surplus slice)"
85,surplus_payout,Balanced Growth,15,Investment32,115000,1669000.00,13500.00,1655500.00,324000.00,223860.00,189000.00,405625.00,918625.00,"Surplus ≥ 115000; pool and surplus −115000; user MP out ~6900 ARS (6%, absorbed by user)"
86,subscription,Balanced Growth,15,Investment55,100000,1769000.00,44750.00,1724250.00,330000.00,223860.00,192500.00,413437.50,935937.50,"+31250 surplus on subscribe (Balanced Growth, 3+1 cohort); platform MP in 6000 ARS (6%); IIBB est. 3500 ARS (3.5%); Ganancias est. 7812.5 ARS (25% of surplus slice)"
87,subscription,Balanced Growth,15,Investment56,100000,1869000.00,76000.00,1793000.00,336000.00,223860.00,196000.00,421250.00,953250.00,"+31250 surplus on subscribe (Balanced Growth, 3+1 cohort); platform MP in 6000 ARS (6%); IIBB est. 3500 ARS (3.5%); Ganancias est. 7812.5 ARS (25% of surplus slice)"
88,payout,Aggressive Alpha,40,Investment31,140000,1729000.00,76000.00,1653000.00,336000.00,232260.00,196000.00,421250.00,953250.00,"Cohort payout 140000 ARS (40%); unlocked by Investment54, Investment55, Investment56 (3 unlockers); user MP out ~8400 ARS (6%, absorbed by user)"
89,subscription,Capital Shield,6,Investment57,100000,1829000.00,109500.00,1719500.00,342000.00,232260.00,199500.00,429625.00,971125.00,"+33500 surplus on subscribe (Capital Shield, 3+1 cohort); platform MP in 6000 ARS (6%); IIBB est. 3500 ARS (3.5%); Ganancias est. 8375 ARS (25% of surplus slice)"
90,surplus_payout,Capital Shield,6,Investment33,106000,1723000.00,3500.00,1719500.00,342000.00,238620.00,199500.00,429625.00,971125.00,"Surplus ≥ 106000; pool and surplus −106000; user MP out ~6360 ARS (6%, absorbed by user)"
91,subscription,Aggressive Alpha,40,Investment58,100000,1823000.00,28500.00,1794500.00,348000.00,238620.00,203000.00,435875.00,986875.00,"+25000 surplus on subscribe (Aggressive Alpha, 3+1 cohort); platform MP in 6000 ARS (6%); IIBB est. 3500 ARS (3.5%); Ganancias est. 6250 ARS (25% of surplus slice)"
92,subscription,Aggressive Alpha,40,Investment59,100000,1923000.00,53500.00,1869500.00,354000.00,238620.00,206500.00,442125.00,1002625.00,"+25000 surplus on subscribe (Aggressive Alpha, 3+1 cohort); platform MP in 6000 ARS (6%); IIBB est. 3500 ARS (3.5%); Ganancias est. 6250 ARS (25% of surplus slice)"
93,payout,Growth Partners,25,Investment34,125000,1798000.00,53500.00,1744500.00,354000.00,246120.00,206500.00,442125.00,1002625.00,"Cohort payout 125000 ARS (25%); unlocked by Investment57, Investment58, Investment59 (3 unlockers); user MP out ~7500 ARS (6%, absorbed by user)"
94,subscription,Aggressive Alpha,40,Investment60,100000,1898000.00,78500.00,1819500.00,360000.00,246120.00,210000.00,448375.00,1018375.00,"+25000 surplus on subscribe (Aggressive Alpha, 3+1 cohort); platform MP in 6000 ARS (6%); IIBB est. 3500 ARS (3.5%); Ganancias est. 6250 ARS (25% of surplus slice)"
95,subscription,Aggressive Alpha,40,Investment61,100000,1998000.00,103500.00,1894500.00,366000.00,246120.00,213500.00,454625.00,1034125.00,"+25000 surplus on subscribe (Aggressive Alpha, 3+1 cohort); platform MP in 6000 ARS (6%); IIBB est. 3500 ARS (3.5%); Ganancias est. 6250 ARS (25% of surplus slice)"
96,subscription,Growth Partners,25,Investment62,100000,2098000.00,132250.00,1965750.00,372000.00,246120.00,217000.00,461812.50,1050812.50,"+28750 surplus on subscribe (Growth Partners, 3+1 cohort); platform MP in 6000 ARS (6%); IIBB est. 3500 ARS (3.5%); Ganancias est. 7187.5 ARS (25% of surplus slice)"
97,surplus_payout,Stable Yield,10,Investment35,110000,1988000.00,22250.00,1965750.00,372000.00,252720.00,217000.00,461812.50,1050812.50,"Surplus ≥ 110000; pool and surplus −110000; user MP out ~6600 ARS (6%, absorbed by user)"
98,payout,Aggressive Alpha,40,Investment36,140000,1848000.00,22250.00,1825750.00,372000.00,261120.00,217000.00,461812.50,1050812.50,"Cohort payout 140000 ARS (40%); unlocked by Investment60, Investment61, Investment62 (3 unlockers); user MP out ~8400 ARS (6%, absorbed by user)"
99,subscription,Stable Yield,10,Investment63,100000,1948000.00,54750.00,1893250.00,378000.00,261120.00,220500.00,469937.50,1068437.50,"+32500 surplus on subscribe (Stable Yield, 3+1 cohort); platform MP in 6000 ARS (6%); IIBB est. 3500 ARS (3.5%); Ganancias est. 8125 ARS (25% of surplus slice)"
100,subscription,Aggressive Alpha,40,Investment64,100000,2048000.00,79750.00,1968250.00,384000.00,261120.00,224000.00,476187.50,1084187.50,"+25000 surplus on subscribe (Aggressive Alpha, 3+1 cohort); platform MP in 6000 ARS (6%); IIBB est. 3500 ARS (3.5%); Ganancias est. 6250 ARS (25% of surplus slice)"
101,subscription,Balanced Growth,15,Investment65,100000,2148000.00,111000.00,2037000.00,390000.00,261120.00,227500.00,484000.00,1101500.00,"+31250 surplus on subscribe (Balanced Growth, 3+1 cohort); platform MP in 6000 ARS (6%); IIBB est. 3500 ARS (3.5%); Ganancias est. 7812.5 ARS (25% of surplus slice)"
102,surplus_payout,Stable Yield,10,Investment37,110000,2038000.00,1000.00,2037000.00,390000.00,267720.00,227500.00,484000.00,1101500.00,"Surplus ≥ 110000; pool and surplus −110000; user MP out ~6600 ARS (6%, absorbed by user)"
103,payout,Growth Partners,25,Investment38,125000,1913000.00,1000.00,1912000.00,390000.00,275220.00,227500.00,484000.00,1101500.00,"Cohort payout 125000 ARS (25%); unlocked by Investment63, Investment64, Investment65 (3 unlockers); user MP out ~7500 ARS (6%, absorbed by user)"
104,subscription,Balanced Growth,15,Investment66,100000,2013000.00,32250.00,1980750.00,396000.00,275220.00,231000.00,491812.50,1118812.50,"+31250 surplus on subscribe (Balanced Growth, 3+1 cohort); platform MP in 6000 ARS (6%); IIBB est. 3500 ARS (3.5%); Ganancias est. 7812.5 ARS (25% of surplus slice)"
105,subscription,Aggressive Alpha,40,Investment67,100000,2113000.00,57250.00,2055750.00,402000.00,275220.00,234500.00,498062.50,1134562.50,"+25000 surplus on subscribe (Aggressive Alpha, 3+1 cohort); platform MP in 6000 ARS (6%); IIBB est. 3500 ARS (3.5%); Ganancias est. 6250 ARS (25% of surplus slice)"
106,subscription,Aggressive Alpha,40,Investment68,100000,2213000.00,82250.00,2130750.00,408000.00,275220.00,238000.00,504312.50,1150312.50,"+25000 surplus on subscribe (Aggressive Alpha, 3+1 cohort); platform MP in 6000 ARS (6%); IIBB est. 3500 ARS (3.5%); Ganancias est. 6250 ARS (25% of surplus slice)"
107,payout,Balanced Growth,15,Investment39,115000,2098000.00,82250.00,2015750.00,408000.00,282120.00,238000.00,504312.50,1150312.50,"Cohort payout 115000 ARS (15%); unlocked by Investment66, Investment67, Investment68 (3 unlockers); user MP out ~6900 ARS (6%, absorbed by user)"
108,subscription,Balanced Growth,15,Investment69,100000,2198000.00,113500.00,2084500.00,414000.00,282120.00,241500.00,512125.00,1167625.00,"+31250 surplus on subscribe (Balanced Growth, 3+1 cohort); platform MP in 6000 ARS (6%); IIBB est. 3500 ARS (3.5%); Ganancias est. 7812.5 ARS (25% of surplus slice)"
109,surplus_payout,Stable Yield,10,Investment40,110000,2088000.00,3500.00,2084500.00,414000.00,288720.00,241500.00,512125.00,1167625.00,"Surplus ≥ 110000; pool and surplus −110000; user MP out ~6600 ARS (6%, absorbed by user)"
110,subscription,Capital Shield,6,Investment70,100000,2188000.00,37000.00,2151000.00,420000.00,288720.00,245000.00,520500.00,1185500.00,"+33500 surplus on subscribe (Capital Shield, 3+1 cohort); platform MP in 6000 ARS (6%); IIBB est. 3500 ARS (3.5%); Ganancias est. 8375 ARS (25% of surplus slice)"
111,subscription,Growth Partners,25,Investment71,100000,2288000.00,65750.00,2222250.00,426000.00,288720.00,248500.00,527687.50,1202187.50,"+28750 surplus on subscribe (Growth Partners, 3+1 cohort); platform MP in 6000 ARS (6%); IIBB est. 3500 ARS (3.5%); Ganancias est. 7187.5 ARS (25% of surplus slice)"
112,payout,Balanced Growth,15,Investment41,115000,2173000.00,65750.00,2107250.00,426000.00,295620.00,248500.00,527687.50,1202187.50,"Cohort payout 115000 ARS (15%); unlocked by Investment69, Investment70, Investment71 (3 unlockers); user MP out ~6900 ARS (6%, absorbed by user)"
113,subscription,Growth Partners,25,Investment72,100000,2273000.00,94500.00,2178500.00,432000.00,295620.00,252000.00,534875.00,1218875.00,"+28750 surplus on subscribe (Growth Partners, 3+1 cohort); platform MP in 6000 ARS (6%); IIBB est. 3500 ARS (3.5%); Ganancias est. 7187.5 ARS (25% of surplus slice)"
114,subscription,Stable Yield,10,Investment73,100000,2373000.00,127000.00,2246000.00,438000.00,295620.00,255500.00,543000.00,1236500.00,"+32500 surplus on subscribe (Stable Yield, 3+1 cohort); platform MP in 6000 ARS (6%); IIBB est. 3500 ARS (3.5%); Ganancias est. 8125 ARS (25% of surplus slice)"
115,surplus_payout,Growth Partners,25,Investment42,125000,2248000.00,2000.00,2246000.00,438000.00,303120.00,255500.00,543000.00,1236500.00,"Surplus ≥ 125000; pool and surplus −125000; user MP out ~7500 ARS (6%, absorbed by user)"
116,subscription,Capital Shield,6,Investment74,100000,2348000.00,35500.00,2312500.00,444000.00,303120.00,259000.00,551375.00,1254375.00,"+33500 surplus on subscribe (Capital Shield, 3+1 cohort); platform MP in 6000 ARS (6%); IIBB est. 3500 ARS (3.5%); Ganancias est. 8375 ARS (25% of surplus slice)"
117,payout,Aggressive Alpha,40,Investment43,140000,2208000.00,35500.00,2172500.00,444000.00,311520.00,259000.00,551375.00,1254375.00,"Cohort payout 140000 ARS (40%); unlocked by Investment72, Investment73, Investment74 (3 unlockers); user MP out ~8400 ARS (6%, absorbed by user)"
118,subscription,Aggressive Alpha,40,Investment75,100000,2308000.00,60500.00,2247500.00,450000.00,311520.00,262500.00,557625.00,1270125.00,"+25000 surplus on subscribe (Aggressive Alpha, 3+1 cohort); platform MP in 6000 ARS (6%); IIBB est. 3500 ARS (3.5%); Ganancias est. 6250 ARS (25% of surplus slice)"
119,subscription,Balanced Growth,15,Investment76,100000,2408000.00,91750.00,2316250.00,456000.00,311520.00,266000.00,565437.50,1287437.50,"+31250 surplus on subscribe (Balanced Growth, 3+1 cohort); platform MP in 6000 ARS (6%); IIBB est. 3500 ARS (3.5%); Ganancias est. 7812.5 ARS (25% of surplus slice)"
120,subscription,Stable Yield,10,Investment77,100000,2508000.00,124250.00,2383750.00,462000.00,311520.00,269500.00,573562.50,1305062.50,"+32500 surplus on subscribe (Stable Yield, 3+1 cohort); platform MP in 6000 ARS (6%); IIBB est. 3500 ARS (3.5%); Ganancias est. 8125 ARS (25% of surplus slice)"
121,surplus_payout,Capital Shield,6,Investment44,106000,2402000.00,18250.00,2383750.00,462000.00,317880.00,269500.00,573562.50,1305062.50,"Surplus ≥ 106000; pool and surplus −106000; user MP out ~6360 ARS (6%, absorbed by user)"
122,payout,Balanced Growth,15,Investment45,115000,2287000.00,18250.00,2268750.00,462000.00,324780.00,269500.00,573562.50,1305062.50,"Cohort payout 115000 ARS (15%); unlocked by Investment75, Investment76, Investment77 (3 unlockers); user MP out ~6900 ARS (6%, absorbed by user)"
123,subscription,Aggressive Alpha,40,Investment78,100000,2387000.00,43250.00,2343750.00,468000.00,324780.00,273000.00,579812.50,1320812.50,"+25000 surplus on subscribe (Aggressive Alpha, 3+1 cohort); platform MP in 6000 ARS (6%); IIBB est. 3500 ARS (3.5%); Ganancias est. 6250 ARS (25% of surplus slice)"
124,subscription,Stable Yield,10,Investment79,100000,2487000.00,75750.00,2411250.00,474000.00,324780.00,276500.00,587937.50,1338437.50,"+32500 surplus on subscribe (Stable Yield, 3+1 cohort); platform MP in 6000 ARS (6%); IIBB est. 3500 ARS (3.5%); Ganancias est. 8125 ARS (25% of surplus slice)"
125,subscription,Capital Shield,6,Investment80,100000,2587000.00,109250.00,2477750.00,480000.00,324780.00,280000.00,596312.50,1356312.50,"+33500 surplus on subscribe (Capital Shield, 3+1 cohort); platform MP in 6000 ARS (6%); IIBB est. 3500 ARS (3.5%); Ganancias est. 8375 ARS (25% of surplus slice)"
126,surplus_payout,Capital Shield,6,Investment50,106000,2481000.00,3250.00,2477750.00,480000.00,331140.00,280000.00,596312.50,1356312.50,"Surplus ≥ 106000; pool and surplus −106000; user MP out ~6360 ARS (6%, absorbed by user)"
127,payout,Aggressive Alpha,40,Investment46,140000,2341000.00,3250.00,2337750.00,480000.00,339540.00,280000.00,596312.50,1356312.50,"Cohort payout 140000 ARS (40%); unlocked by Investment78, Investment79, Investment80 (3 unlockers); user MP out ~8400 ARS (6%, absorbed by user)"
128,subscription,Balanced Growth,15,Investment81,100000,2441000.00,34500.00,2406500.00,486000.00,339540.00,283500.00,604125.00,1373625.00,"+31250 surplus on subscribe (Balanced Growth, 3+1 cohort); platform MP in 6000 ARS (6%); IIBB est. 3500 ARS (3.5%); Ganancias est. 7812.5 ARS (25% of surplus slice)"
129,subscription,Balanced Growth,15,Investment82,100000,2541000.00,65750.00,2475250.00,492000.00,339540.00,287000.00,611937.50,1390937.50,"+31250 surplus on subscribe (Balanced Growth, 3+1 cohort); platform MP in 6000 ARS (6%); IIBB est. 3500 ARS (3.5%); Ganancias est. 7812.5 ARS (25% of surplus slice)"
130,subscription,Stable Yield,10,Investment83,100000,2641000.00,98250.00,2542750.00,498000.00,339540.00,290500.00,620062.50,1408562.50,"+32500 surplus on subscribe (Stable Yield, 3+1 cohort); platform MP in 6000 ARS (6%); IIBB est. 3500 ARS (3.5%); Ganancias est. 8125 ARS (25% of surplus slice)"
131,payout,Stable Yield,10,Investment47,110000,2531000.00,98250.00,2432750.00,498000.00,346140.00,290500.00,620062.50,1408562.50,"Cohort payout 110000 ARS (10%); unlocked by Investment81, Investment82, Investment83 (3 unlockers); user MP out ~6600 ARS (6%, absorbed by user)"
132,subscription,Capital Shield,6,Investment84,100000,2631000.00,131750.00,2499250.00,504000.00,346140.00,294000.00,628437.50,1426437.50,"+33500 surplus on subscribe (Capital Shield, 3+1 cohort); platform MP in 6000 ARS (6%); IIBB est. 3500 ARS (3.5%); Ganancias est. 8375 ARS (25% of surplus slice)"
133,surplus_payout,Balanced Growth,15,Investment48,115000,2516000.00,16750.00,2499250.00,504000.00,353040.00,294000.00,628437.50,1426437.50,"Surplus ≥ 115000; pool and surplus −115000; user MP out ~6900 ARS (6%, absorbed by user)"
134,subscription,Capital Shield,6,Investment85,100000,2616000.00,50250.00,2565750.00,510000.00,353040.00,297500.00,636812.50,1444312.50,"+33500 surplus on subscribe (Capital Shield, 3+1 cohort); platform MP in 6000 ARS (6%); IIBB est. 3500 ARS (3.5%); Ganancias est. 8375 ARS (25% of surplus slice)"
135,subscription,Capital Shield,6,Investment86,100000,2716000.00,83750.00,2632250.00,516000.00,353040.00,301000.00,645187.50,1462187.50,"+33500 surplus on subscribe (Capital Shield, 3+1 cohort); platform MP in 6000 ARS (6%); IIBB est. 3500 ARS (3.5%); Ganancias est. 8375 ARS (25% of surplus slice)"
136,payout,Balanced Growth,15,Investment49,115000,2601000.00,83750.00,2517250.00,516000.00,359940.00,301000.00,645187.50,1462187.50,"Cohort payout 115000 ARS (15%); unlocked by Investment84, Investment85, Investment86 (3 unlockers); user MP out ~6900 ARS (6%, absorbed by user)"
137,subscription,Stable Yield,10,Investment87,100000,2701000.00,116250.00,2584750.00,522000.00,359940.00,304500.00,653312.50,1479812.50,"+32500 surplus on subscribe (Stable Yield, 3+1 cohort); platform MP in 6000 ARS (6%); IIBB est. 3500 ARS (3.5%); Ganancias est. 8125 ARS (25% of surplus slice)"
138,surplus_payout,Capital Shield,6,Investment51,106000,2595000.00,10250.00,2584750.00,522000.00,366300.00,304500.00,653312.50,1479812.50,"Surplus ≥ 106000; pool and surplus −106000; user MP out ~6360 ARS (6%, absorbed by user)"
139,subscription,Capital Shield,6,Investment88,100000,2695000.00,43750.00,2651250.00,528000.00,366300.00,308000.00,661687.50,1497687.50,"+33500 surplus on subscribe (Capital Shield, 3+1 cohort); platform MP in 6000 ARS (6%); IIBB est. 3500 ARS (3.5%); Ganancias est. 8375 ARS (25% of surplus slice)"
140,subscription,Stable Yield,10,Investment89,100000,2795000.00,76250.00,2718750.00,534000.00,366300.00,311500.00,669812.50,1515312.50,"+32500 surplus on subscribe (Stable Yield, 3+1 cohort); platform MP in 6000 ARS (6%); IIBB est. 3500 ARS (3.5%); Ganancias est. 8125 ARS (25% of surplus slice)"
141,payout,Stable Yield,10,Investment52,110000,2685000.00,76250.00,2608750.00,534000.00,372900.00,311500.00,669812.50,1515312.50,"Cohort payout 110000 ARS (10%); unlocked by Investment87, Investment88, Investment89 (3 unlockers); user MP out ~6600 ARS (6%, absorbed by user)"
142,subscription,Aggressive Alpha,40,Investment90,100000,2785000.00,101250.00,2683750.00,540000.00,372900.00,315000.00,676062.50,1531062.50,"+25000 surplus on subscribe (Aggressive Alpha, 3+1 cohort); platform MP in 6000 ARS (6%); IIBB est. 3500 ARS (3.5%); Ganancias est. 6250 ARS (25% of surplus slice)"
143,subscription,Capital Shield,6,Investment91,100000,2885000.00,134750.00,2750250.00,546000.00,372900.00,318500.00,684437.50,1548937.50,"+33500 surplus on subscribe (Capital Shield, 3+1 cohort); platform MP in 6000 ARS (6%); IIBB est. 3500 ARS (3.5%); Ganancias est. 8375 ARS (25% of surplus slice)"
144,surplus_payout,Balanced Growth,15,Investment54,115000,2770000.00,19750.00,2750250.00,546000.00,379800.00,318500.00,684437.50,1548937.50,"Surplus ≥ 115000; pool and surplus −115000; user MP out ~6900 ARS (6%, absorbed by user)"
145,subscription,Aggressive Alpha,40,Investment92,100000,2870000.00,44750.00,2825250.00,552000.00,379800.00,322000.00,690687.50,1564687.50,"+25000 surplus on subscribe (Aggressive Alpha, 3+1 cohort); platform MP in 6000 ARS (6%); IIBB est. 3500 ARS (3.5%); Ganancias est. 6250 ARS (25% of surplus slice)"
146,payout,Aggressive Alpha,40,Investment53,140000,2730000.00,44750.00,2685250.00,552000.00,388200.00,322000.00,690687.50,1564687.50,"Cohort payout 140000 ARS (40%); unlocked by Investment90, Investment91, Investment92 (3 unlockers); user MP out ~8400 ARS (6%, absorbed by user)"
147,subscription,Aggressive Alpha,40,Investment93,100000,2830000.00,69750.00,2760250.00,558000.00,388200.00,325500.00,696937.50,1580437.50,"+25000 surplus on subscribe (Aggressive Alpha, 3+1 cohort); platform MP in 6000 ARS (6%); IIBB est. 3500 ARS (3.5%); Ganancias est. 6250 ARS (25% of surplus slice)"
148,subscription,Aggressive Alpha,40,Investment94,100000,2930000.00,94750.00,2835250.00,564000.00,388200.00,329000.00,703187.50,1596187.50,"+25000 surplus on subscribe (Aggressive Alpha, 3+1 cohort); platform MP in 6000 ARS (6%); IIBB est. 3500 ARS (3.5%); Ganancias est. 6250 ARS (25% of surplus slice)"
149,subscription,Balanced Growth,15,Investment95,100000,3030000.00,126000.00,2904000.00,570000.00,388200.00,332500.00,711000.00,1613500.00,"+31250 surplus on subscribe (Balanced Growth, 3+1 cohort); platform MP in 6000 ARS (6%); IIBB est. 3500 ARS (3.5%); Ganancias est. 7812.5 ARS (25% of surplus slice)"
150,surplus_payout,Balanced Growth,15,Investment55,115000,2915000.00,11000.00,2904000.00,570000.00,395100.00,332500.00,711000.00,1613500.00,"Surplus ≥ 115000; pool and surplus −115000; user MP out ~6900 ARS (6%, absorbed by user)"
151,payout,Balanced Growth,15,Investment56,115000,2800000.00,11000.00,2789000.00,570000.00,402000.00,332500.00,711000.00,1613500.00,"Cohort payout 115000 ARS (15%); unlocked by Investment93, Investment94, Investment95 (3 unlockers); user MP out ~6900 ARS (6%, absorbed by user)"
152,subscription,Stable Yield,10,Investment96,100000,2900000.00,43500.00,2856500.00,576000.00,402000.00,336000.00,719125.00,1631125.00,"+32500 surplus on subscribe (Stable Yield, 3+1 cohort); platform MP in 6000 ARS (6%); IIBB est. 3500 ARS (3.5%); Ganancias est. 8125 ARS (25% of surplus slice)"
153,subscription,Growth Partners,25,Investment97,100000,3000000.00,72250.00,2927750.00,582000.00,402000.00,339500.00,726312.50,1647812.50,"+28750 surplus on subscribe (Growth Partners, 3+1 cohort); platform MP in 6000 ARS (6%); IIBB est. 3500 ARS (3.5%); Ganancias est. 7187.5 ARS (25% of surplus slice)"
154,subscription,Capital Shield,6,Investment98,100000,3100000.00,105750.00,2994250.00,588000.00,402000.00,343000.00,734687.50,1665687.50,"+33500 surplus on subscribe (Capital Shield, 3+1 cohort); platform MP in 6000 ARS (6%); IIBB est. 3500 ARS (3.5%); Ganancias est. 8375 ARS (25% of surplus slice)"
155,payout,Capital Shield,6,Investment57,106000,2994000.00,105750.00,2888250.00,588000.00,408360.00,343000.00,734687.50,1665687.50,"Cohort payout 106000 ARS (6%); unlocked by Investment96, Investment97, Investment98 (3 unlockers); user MP out ~6360 ARS (6%, absorbed by user)"
156,subscription,Growth Partners,25,Investment99,100000,3094000.00,134500.00,2959500.00,594000.00,408360.00,346500.00,741875.00,1682375.00,"+28750 surplus on subscribe (Growth Partners, 3+1 cohort); platform MP in 6000 ARS (6%); IIBB est. 3500 ARS (3.5%); Ganancias est. 7187.5 ARS (25% of surplus slice)"
157,surplus_payout,Growth Partners,25,Investment62,125000,2969000.00,9500.00,2959500.00,594000.00,415860.00,346500.00,741875.00,1682375.00,"Surplus ≥ 125000; pool and surplus −125000; user MP out ~7500 ARS (6%, absorbed by user)"
158,subscription,Growth Partners,25,Investment100,100000,3069000.00,38250.00,3030750.00,600000.00,415860.00,350000.00,749062.50,1699062.50,"+28750 surplus on subscribe (Growth Partners, 3+1 cohort); platform MP in 6000 ARS (6%); IIBB est. 3500 ARS (3.5%); Ganancias est. 7187.5 ARS (25% of surplus slice)"
159,subscription,Balanced Growth,15,Investment101,100000,3169000.00,69500.00,3099500.00,606000.00,415860.00,353500.00,756875.00,1716375.00,"+31250 surplus on subscribe (Balanced Growth, 3+1 cohort); platform MP in 6000 ARS (6%); IIBB est. 3500 ARS (3.5%); Ganancias est. 7812.5 ARS (25% of surplus slice)"
160,payout,Aggressive Alpha,40,Investment58,140000,3029000.00,69500.00,2959500.00,606000.00,424260.00,353500.00,756875.00,1716375.00,"Cohort payout 140000 ARS (40%); unlocked by Investment99, Investment100, Investment101 (3 unlockers); user MP out ~8400 ARS (6%, absorbed by user)"
161,subscription,Growth Partners,25,Investment102,100000,3129000.00,98250.00,3030750.00,612000.00,424260.00,357000.00,764062.50,1733062.50,"+28750 surplus on subscribe (Growth Partners, 3+1 cohort); platform MP in 6000 ARS (6%); IIBB est. 3500 ARS (3.5%); Ganancias est. 7187.5 ARS (25% of surplus slice)"
162,subscription,Stable Yield,10,Investment103,100000,3229000.00,130750.00,3098250.00,618000.00,424260.00,360500.00,772187.50,1750687.50,"+32500 surplus on subscribe (Stable Yield, 3+1 cohort); platform MP in 6000 ARS (6%); IIBB est. 3500 ARS (3.5%); Ganancias est. 8125 ARS (25% of surplus slice)"
163,surplus_payout,Stable Yield,10,Investment63,110000,3119000.00,20750.00,3098250.00,618000.00,430860.00,360500.00,772187.50,1750687.50,"Surplus ≥ 110000; pool and surplus −110000; user MP out ~6600 ARS (6%, absorbed by user)"
164,subscription,Aggressive Alpha,40,Investment104,100000,3219000.00,45750.00,3173250.00,624000.00,430860.00,364000.00,778437.50,1766437.50,"+25000 surplus on subscribe (Aggressive Alpha, 3+1 cohort); platform MP in 6000 ARS (6%); IIBB est. 3500 ARS (3.5%); Ganancias est. 6250 ARS (25% of surplus slice)"
165,payout,Aggressive Alpha,40,Investment59,140000,3079000.00,45750.00,3033250.00,624000.00,439260.00,364000.00,778437.50,1766437.50,"Cohort payout 140000 ARS (40%); unlocked by Investment102, Investment103, Investment104 (3 unlockers); user MP out ~8400 ARS (6%, absorbed by user)"
166,subscription,Stable Yield,10,Investment105,100000,3179000.00,78250.00,3100750.00,630000.00,439260.00,367500.00,786562.50,1784062.50,"+32500 surplus on subscribe (Stable Yield, 3+1 cohort); platform MP in 6000 ARS (6%); IIBB est. 3500 ARS (3.5%); Ganancias est. 8125 ARS (25% of surplus slice)"
167,subscription,Stable Yield,10,Investment106,100000,3279000.00,110750.00,3168250.00,636000.00,439260.00,371000.00,794687.50,1801687.50,"+32500 surplus on subscribe (Stable Yield, 3+1 cohort); platform MP in 6000 ARS (6%); IIBB est. 3500 ARS (3.5%); Ganancias est. 8125 ARS (25% of surplus slice)"
168,surplus_payout,Capital Shield,6,Investment70,106000,3173000.00,4750.00,3168250.00,636000.00,445620.00,371000.00,794687.50,1801687.50,"Surplus ≥ 106000; pool and surplus −106000; user MP out ~6360 ARS (6%, absorbed by user)"
169,subscription,Capital Shield,6,Investment107,100000,3273000.00,38250.00,3234750.00,642000.00,445620.00,374500.00,803062.50,1819562.50,"+33500 surplus on subscribe (Capital Shield, 3+1 cohort); platform MP in 6000 ARS (6%); IIBB est. 3500 ARS (3.5%); Ganancias est. 8375 ARS (25% of surplus slice)"
170,payout,Aggressive Alpha,40,Investment60,140000,3133000.00,38250.00,3094750.00,642000.00,454020.00,374500.00,803062.50,1819562.50,"Cohort payout 140000 ARS (40%); unlocked by Investment105, Investment106, Investment107 (3 unlockers); user MP out ~8400 ARS (6%, absorbed by user)"
171,subscription,Growth Partners,25,Investment108,100000,3233000.00,67000.00,3166000.00,648000.00,454020.00,378000.00,810250.00,1836250.00,"+28750 surplus on subscribe (Growth Partners, 3+1 cohort); platform MP in 6000 ARS (6%); IIBB est. 3500 ARS (3.5%); Ganancias est. 7187.5 ARS (25% of surplus slice)"
172,subscription,Capital Shield,6,Investment109,100000,3333000.00,100500.00,3232500.00,654000.00,454020.00,381500.00,818625.00,1854125.00,"+33500 surplus on subscribe (Capital Shield, 3+1 cohort); platform MP in 6000 ARS (6%); IIBB est. 3500 ARS (3.5%); Ganancias est. 8375 ARS (25% of surplus slice)"
173,subscription,Stable Yield,10,Investment110,100000,3433000.00,133000.00,3300000.00,660000.00,454020.00,385000.00,826750.00,1871750.00,"+32500 surplus on subscribe (Stable Yield, 3+1 cohort); platform MP in 6000 ARS (6%); IIBB est. 3500 ARS (3.5%); Ganancias est. 8125 ARS (25% of surplus slice)"
174,surplus_payout,Balanced Growth,15,Investment65,115000,3318000.00,18000.00,3300000.00,660000.00,460920.00,385000.00,826750.00,1871750.00,"Surplus ≥ 115000; pool and surplus −115000; user MP out ~6900 ARS (6%, absorbed by user)"
175,payout,Aggressive Alpha,40,Investment61,140000,3178000.00,18000.00,3160000.00,660000.00,469320.00,385000.00,826750.00,1871750.00,"Cohort payout 140000 ARS (40%); unlocked by Investment108, Investment109, Investment110 (3 unlockers); user MP out ~8400 ARS (6%, absorbed by user)"
176,subscription,Balanced Growth,15,Investment111,100000,3278000.00,49250.00,3228750.00,666000.00,469320.00,388500.00,834562.50,1889062.50,"+31250 surplus on subscribe (Balanced Growth, 3+1 cohort); platform MP in 6000 ARS (6%); IIBB est. 3500 ARS (3.5%); Ganancias est. 7812.5 ARS (25% of surplus slice)"
177,subscription,Stable Yield,10,Investment112,100000,3378000.00,81750.00,3296250.00,672000.00,469320.00,392000.00,842687.50,1906687.50,"+32500 surplus on subscribe (Stable Yield, 3+1 cohort); platform MP in 6000 ARS (6%); IIBB est. 3500 ARS (3.5%); Ganancias est. 8125 ARS (25% of surplus slice)"
178,subscription,Aggressive Alpha,40,Investment113,100000,3478000.00,106750.00,3371250.00,678000.00,469320.00,395500.00,848937.50,1922437.50,"+25000 surplus on subscribe (Aggressive Alpha, 3+1 cohort); platform MP in 6000 ARS (6%); IIBB est. 3500 ARS (3.5%); Ganancias est. 6250 ARS (25% of surplus slice)"
179,surplus_payout,Capital Shield,6,Investment74,106000,3372000.00,750.00,3371250.00,678000.00,475680.00,395500.00,848937.50,1922437.50,"Surplus ≥ 106000; pool and surplus −106000; user MP out ~6360 ARS (6%, absorbed by user)"
180,payout,Aggressive Alpha,40,Investment64,140000,3232000.00,750.00,3231250.00,678000.00,484080.00,395500.00,848937.50,1922437.50,"Cohort payout 140000 ARS (40%); unlocked by Investment111, Investment112, Investment113 (3 unlockers); user MP out ~8400 ARS (6%, absorbed by user)"
181,subscription,Capital Shield,6,Investment114,100000,3332000.00,34250.00,3297750.00,684000.00,484080.00,399000.00,857312.50,1940312.50,"+33500 surplus on subscribe (Capital Shield, 3+1 cohort); platform MP in 6000 ARS (6%); IIBB est. 3500 ARS (3.5%); Ganancias est. 8375 ARS (25% of surplus slice)"
182,subscription,Growth Partners,25,Investment115,100000,3432000.00,63000.00,3369000.00,690000.00,484080.00,402500.00,864500.00,1957000.00,"+28750 surplus on subscribe (Growth Partners, 3+1 cohort); platform MP in 6000 ARS (6%); IIBB est. 3500 ARS (3.5%); Ganancias est. 7187.5 ARS (25% of surplus slice)"
183,subscription,Capital Shield,6,Investment116,100000,3532000.00,96500.00,3435500.00,696000.00,484080.00,406000.00,872875.00,1974875.00,"+33500 surplus on subscribe (Capital Shield, 3+1 cohort); platform MP in 6000 ARS (6%); IIBB est. 3500 ARS (3.5%); Ganancias est. 8375 ARS (25% of surplus slice)"
184,payout,Balanced Growth,15,Investment66,115000,3417000.00,96500.00,3320500.00,696000.00,490980.00,406000.00,872875.00,1974875.00,"Cohort payout 115000 ARS (15%); unlocked by Investment114, Investment115, Investment116 (3 unlockers); user MP out ~6900 ARS (6%, absorbed by user)"
185,subscription,Balanced Growth,15,Investment117,100000,3517000.00,127750.00,3389250.00,702000.00,490980.00,409500.00,880687.50,1992187.50,"+31250 surplus on subscribe (Balanced Growth, 3+1 cohort); platform MP in 6000 ARS (6%); IIBB est. 3500 ARS (3.5%); Ganancias est. 7812.5 ARS (25% of surplus slice)"
186,surplus_payout,Balanced Growth,15,Investment69,115000,3402000.00,12750.00,3389250.00,702000.00,497880.00,409500.00,880687.50,1992187.50,"Surplus ≥ 115000; pool and surplus −115000; user MP out ~6900 ARS (6%, absorbed by user)"
187,subscription,Aggressive Alpha,40,Investment118,100000,3502000.00,37750.00,3464250.00,708000.00,497880.00,413000.00,886937.50,2007937.50,"+25000 surplus on subscribe (Aggressive Alpha, 3+1 cohort); platform MP in 6000 ARS (6%); IIBB est. 3500 ARS (3.5%); Ganancias est. 6250 ARS (25% of surplus slice)"
188,subscription,Capital Shield,6,Investment119,100000,3602000.00,71250.00,3530750.00,714000.00,497880.00,416500.00,895312.50,2025812.50,"+33500 surplus on subscribe (Capital Shield, 3+1 cohort); platform MP in 6000 ARS (6%); IIBB est. 3500 ARS (3.5%); Ganancias est. 8375 ARS (25% of surplus slice)"
189,payout,Aggressive Alpha,40,Investment67,140000,3462000.00,71250.00,3390750.00,714000.00,506280.00,416500.00,895312.50,2025812.50,"Cohort payout 140000 ARS (40%); unlocked by Investment117, Investment118, Investment119 (3 unlockers); user MP out ~8400 ARS (6%, absorbed by user)"
190,subscription,Growth Partners,25,Investment120,100000,3562000.00,100000.00,3462000.00,720000.00,506280.00,420000.00,902500.00,2042500.00,"+28750 surplus on subscribe (Growth Partners, 3+1 cohort); platform MP in 6000 ARS (6%); IIBB est. 3500 ARS (3.5%); Ganancias est. 7187.5 ARS (25% of surplus slice)"
191,subscription,Capital Shield,6,Investment121,100000,3662000.00,133500.00,3528500.00,726000.00,506280.00,423500.00,910875.00,2060375.00,"+33500 surplus on subscribe (Capital Shield, 3+1 cohort); platform MP in 6000 ARS (6%); IIBB est. 3500 ARS (3.5%); Ganancias est. 8375 ARS (25% of surplus slice)"
192,surplus_payout,Growth Partners,25,Investment71,125000,3537000.00,8500.00,3528500.00,726000.00,513780.00,423500.00,910875.00,2060375.00,"Surplus ≥ 125000; pool and surplus −125000; user MP out ~7500 ARS (6%, absorbed by user)"
193,subscription,Balanced Growth,15,Investment122,100000,3637000.00,39750.00,3597250.00,732000.00,513780.00,427000.00,918687.50,2077687.50,"+31250 surplus on subscribe (Balanced Growth, 3+1 cohort); platform MP in 6000 ARS (6%); IIBB est. 3500 ARS (3.5%); Ganancias est. 7812.5 ARS (25% of surplus slice)"
194,payout,Aggressive Alpha,40,Investment68,140000,3497000.00,39750.00,3457250.00,732000.00,522180.00,427000.00,918687.50,2077687.50,"Cohort payout 140000 ARS (40%); unlocked by Investment120, Investment121, Investment122 (3 unlockers); user MP out ~8400 ARS (6%, absorbed by user)"
195,subscription,Capital Shield,6,Investment123,100000,3597000.00,73250.00,3523750.00,738000.00,522180.00,430500.00,927062.50,2095562.50,"+33500 surplus on subscribe (Capital Shield, 3+1 cohort); platform MP in 6000 ARS (6%); IIBB est. 3500 ARS (3.5%); Ganancias est. 8375 ARS (25% of surplus slice)"
196,subscription,Balanced Growth,15,Investment124,100000,3697000.00,104500.00,3592500.00,744000.00,522180.00,434000.00,934875.00,2112875.00,"+31250 surplus on subscribe (Balanced Growth, 3+1 cohort); platform MP in 6000 ARS (6%); IIBB est. 3500 ARS (3.5%); Ganancias est. 7812.5 ARS (25% of surplus slice)"
197,subscription,Stable Yield,10,Investment125,100000,3797000.00,137000.00,3660000.00,750000.00,522180.00,437500.00,943000.00,2130500.00,"+32500 surplus on subscribe (Stable Yield, 3+1 cohort); platform MP in 6000 ARS (6%); IIBB est. 3500 ARS (3.5%); Ganancias est. 8125 ARS (25% of surplus slice)"
198,surplus_payout,Growth Partners,25,Investment72,125000,3672000.00,12000.00,3660000.00,750000.00,529680.00,437500.00,943000.00,2130500.00,"Surplus ≥ 125000; pool and surplus −125000; user MP out ~7500 ARS (6%, absorbed by user)"
199,payout,Stable Yield,10,Investment73,110000,3562000.00,12000.00,3550000.00,750000.00,536280.00,437500.00,943000.00,2130500.00,"Cohort payout 110000 ARS (10%); unlocked by Investment123, Investment124, Investment125 (3 unlockers); user MP out ~6600 ARS (6%, absorbed by user)"
200,subscription,Capital Shield,6,Investment126,100000,3662000.00,45500.00,3616500.00,756000.00,536280.00,441000.00,951375.00,2148375.00,"+33500 surplus on subscribe (Capital Shield, 3+1 cohort); platform MP in 6000 ARS (6%); IIBB est. 3500 ARS (3.5%); Ganancias est. 8375 ARS (25% of surplus slice)"
201,subscription,Growth Partners,25,Investment127,100000,3762000.00,74250.00,3687750.00,762000.00,536280.00,444500.00,958562.50,2165062.50,"+28750 surplus on subscribe (Growth Partners, 3+1 cohort); platform MP in 6000 ARS (6%); IIBB est. 3500 ARS (3.5%); Ganancias est. 7187.5 ARS (25% of surplus slice)"
202,subscription,Aggressive Alpha,40,Investment128,100000,3862000.00,99250.00,3762750.00,768000.00,536280.00,448000.00,964812.50,2180812.50,"+25000 surplus on subscribe (Aggressive Alpha, 3+1 cohort); platform MP in 6000 ARS (6%); IIBB est. 3500 ARS (3.5%); Ganancias est. 6250 ARS (25% of surplus slice)"
203,payout,Aggressive Alpha,40,Investment75,140000,3722000.00,99250.00,3622750.00,768000.00,544680.00,448000.00,964812.50,2180812.50,"Cohort payout 140000 ARS (40%); unlocked by Investment126, Investment127, Investment128 (3 unlockers); user MP out ~8400 ARS (6%, absorbed by user)"
204,subscription,Growth Partners,25,Investment129,100000,3822000.00,128000.00,3694000.00,774000.00,544680.00,451500.00,972000.00,2197500.00,"+28750 surplus on subscribe (Growth Partners, 3+1 cohort); platform MP in 6000 ARS (6%); IIBB est. 3500 ARS (3.5%); Ganancias est. 7187.5 ARS (25% of surplus slice)"
205,surplus_payout,Balanced Growth,15,Investment76,115000,3707000.00,13000.00,3694000.00,774000.00,551580.00,451500.00,972000.00,2197500.00,"Surplus ≥ 115000; pool and surplus −115000; user MP out ~6900 ARS (6%, absorbed by user)"
206,subscription,Aggressive Alpha,40,Investment130,100000,3807000.00,38000.00,3769000.00,780000.00,551580.00,455000.00,978250.00,2213250.00,"+25000 surplus on subscribe (Aggressive Alpha, 3+1 cohort); platform MP in 6000 ARS (6%); IIBB est. 3500 ARS (3.5%); Ganancias est. 6250 ARS (25% of surplus slice)"
207,subscription,Growth Partners,25,Investment131,100000,3907000.00,66750.00,3840250.00,786000.00,551580.00,458500.00,985437.50,2229937.50,"+28750 surplus on subscribe (Growth Partners, 3+1 cohort); platform MP in 6000 ARS (6%); IIBB est. 3500 ARS (3.5%); Ganancias est. 7187.5 ARS (25% of surplus slice)"
208,payout,Stable Yield,10,Investment77,110000,3797000.00,66750.00,3730250.00,786000.00,558180.00,458500.00,985437.50,2229937.50,"Cohort payout 110000 ARS (10%); unlocked by Investment129, Investment130, Investment131 (3 unlockers); user MP out ~6600 ARS (6%, absorbed by user)"
209,subscription,Aggressive Alpha,40,Investment132,100000,3897000.00,91750.00,3805250.00,792000.00,558180.00,462000.00,991687.50,2245687.50,"+25000 surplus on subscribe (Aggressive Alpha, 3+1 cohort); platform MP in 6000 ARS (6%); IIBB est. 3500 ARS (3.5%); Ganancias est. 6250 ARS (25% of surplus slice)"
210,subscription,Capital Shield,6,Investment133,100000,3997000.00,125250.00,3871750.00,798000.00,558180.00,465500.00,1000062.50,2263562.50,"+33500 surplus on subscribe (Capital Shield, 3+1 cohort); platform MP in 6000 ARS (6%); IIBB est. 3500 ARS (3.5%); Ganancias est. 8375 ARS (25% of surplus slice)"
211,surplus_payout,Stable Yield,10,Investment79,110000,3887000.00,15250.00,3871750.00,798000.00,564780.00,465500.00,1000062.50,2263562.50,"Surplus ≥ 110000; pool and surplus −110000; user MP out ~6600 ARS (6%, absorbed by user)"
212,subscription,Aggressive Alpha,40,Investment134,100000,3987000.00,40250.00,3946750.00,804000.00,564780.00,469000.00,1006312.50,2279312.50,"+25000 surplus on subscribe (Aggressive Alpha, 3+1 cohort); platform MP in 6000 ARS (6%); IIBB est. 3500 ARS (3.5%); Ganancias est. 6250 ARS (25% of surplus slice)"
213,payout,Aggressive Alpha,40,Investment78,140000,3847000.00,40250.00,3806750.00,804000.00,573180.00,469000.00,1006312.50,2279312.50,"Cohort payout 140000 ARS (40%); unlocked by Investment132, Investment133, Investment134 (3 unlockers); user MP out ~8400 ARS (6%, absorbed by user)"
214,subscription,Stable Yield,10,Investment135,100000,3947000.00,72750.00,3874250.00,810000.00,573180.00,472500.00,1014437.50,2296937.50,"+32500 surplus on subscribe (Stable Yield, 3+1 cohort); platform MP in 6000 ARS (6%); IIBB est. 3500 ARS (3.5%); Ganancias est. 8125 ARS (25% of surplus slice)"
215,subscription,Aggressive Alpha,40,Investment136,100000,4047000.00,97750.00,3949250.00,816000.00,573180.00,476000.00,1020687.50,2312687.50,"+25000 surplus on subscribe (Aggressive Alpha, 3+1 cohort); platform MP in 6000 ARS (6%); IIBB est. 3500 ARS (3.5%); Ganancias est. 6250 ARS (25% of surplus slice)"
216,subscription,Balanced Growth,15,Investment137,100000,4147000.00,129000.00,4018000.00,822000.00,573180.00,479500.00,1028500.00,2330000.00,"+31250 surplus on subscribe (Balanced Growth, 3+1 cohort); platform MP in 6000 ARS (6%); IIBB est. 3500 ARS (3.5%); Ganancias est. 7812.5 ARS (25% of surplus slice)"
217,surplus_payout,Capital Shield,6,Investment80,106000,4041000.00,23000.00,4018000.00,822000.00,579540.00,479500.00,1028500.00,2330000.00,"Surplus ≥ 106000; pool and surplus −106000; user MP out ~6360 ARS (6%, absorbed by user)"
218,payout,Balanced Growth,15,Investment81,115000,3926000.00,23000.00,3903000.00,822000.00,586440.00,479500.00,1028500.00,2330000.00,"Cohort payout 115000 ARS (15%); unlocked by Investment135, Investment136, Investment137 (3 unlockers); user MP out ~6900 ARS (6%, absorbed by user)"
219,subscription,Growth Partners,25,Investment138,100000,4026000.00,51750.00,3974250.00,828000.00,586440.00,483000.00,1035687.50,2346687.50,"+28750 surplus on subscribe (Growth Partners, 3+1 cohort); platform MP in 6000 ARS (6%); IIBB est. 3500 ARS (3.5%); Ganancias est. 7187.5 ARS (25% of surplus slice)"
220,subscription,Capital Shield,6,Investment139,100000,4126000.00,85250.00,4040750.00,834000.00,586440.00,486500.00,1044062.50,2364562.50,"+33500 surplus on subscribe (Capital Shield, 3+1 cohort); platform MP in 6000 ARS (6%); IIBB est. 3500 ARS (3.5%); Ganancias est. 8375 ARS (25% of surplus slice)"
221,subscription,Stable Yield,10,Investment140,100000,4226000.00,117750.00,4108250.00,840000.00,586440.00,490000.00,1052187.50,2382187.50,"+32500 surplus on subscribe (Stable Yield, 3+1 cohort); platform MP in 6000 ARS (6%); IIBB est. 3500 ARS (3.5%); Ganancias est. 8125 ARS (25% of surplus slice)"
222,surplus_payout,Balanced Growth,15,Investment82,115000,4111000.00,2750.00,4108250.00,840000.00,593340.00,490000.00,1052187.50,2382187.50,"Surplus ≥ 115000; pool and surplus −115000; user MP out ~6900 ARS (6%, absorbed by user)"
223,payout,Stable Yield,10,Investment83,110000,4001000.00,2750.00,3998250.00,840000.00,599940.00,490000.00,1052187.50,2382187.50,"Cohort payout 110000 ARS (10%); unlocked by Investment138, Investment139, Investment140 (3 unlockers); user MP out ~6600 ARS (6%, absorbed by user)"
224,subscription,Stable Yield,10,Investment141,100000,4101000.00,35250.00,4065750.00,846000.00,599940.00,493500.00,1060312.50,2399812.50,"+32500 surplus on subscribe (Stable Yield, 3+1 cohort); platform MP in 6000 ARS (6%); IIBB est. 3500 ARS (3.5%); Ganancias est. 8125 ARS (25% of surplus slice)"
225,subscription,Balanced Growth,15,Investment142,100000,4201000.00,66500.00,4134500.00,852000.00,599940.00,497000.00,1068125.00,2417125.00,"+31250 surplus on subscribe (Balanced Growth, 3+1 cohort); platform MP in 6000 ARS (6%); IIBB est. 3500 ARS (3.5%); Ganancias est. 7812.5 ARS (25% of surplus slice)"
226,subscription,Growth Partners,25,Investment143,100000,4301000.00,95250.00,4205750.00,858000.00,599940.00,500500.00,1075312.50,2433812.50,"+28750 surplus on subscribe (Growth Partners, 3+1 cohort); platform MP in 6000 ARS (6%); IIBB est. 3500 ARS (3.5%); Ganancias est. 7187.5 ARS (25% of surplus slice)"
227,payout,Capital Shield,6,Investment84,106000,4195000.00,95250.00,4099750.00,858000.00,606300.00,500500.00,1075312.50,2433812.50,"Cohort payout 106000 ARS (6%); unlocked by Investment141, Investment142, Investment143 (3 unlockers); user MP out ~6360 ARS (6%, absorbed by user)"
228,subscription,Balanced Growth,15,Investment144,100000,4295000.00,126500.00,4168500.00,864000.00,606300.00,504000.00,1083125.00,2451125.00,"+31250 surplus on subscribe (Balanced Growth, 3+1 cohort); platform MP in 6000 ARS (6%); IIBB est. 3500 ARS (3.5%); Ganancias est. 7812.5 ARS (25% of surplus slice)"
229,surplus_payout,Capital Shield,6,Investment85,106000,4189000.00,20500.00,4168500.00,864000.00,612660.00,504000.00,1083125.00,2451125.00,"Surplus ≥ 106000; pool and surplus −106000; user MP out ~6360 ARS (6%, absorbed by user)"
230,subscription,Growth Partners,25,Investment145,100000,4289000.00,49250.00,4239750.00,870000.00,612660.00,507500.00,1090312.50,2467812.50,"+28750 surplus on subscribe (Growth Partners, 3+1 cohort); platform MP in 6000 ARS (6%); IIBB est. 3500 ARS (3.5%); Ganancias est. 7187.5 ARS (25% of surplus slice)"
231,subscription,Stable Yield,10,Investment146,100000,4389000.00,81750.00,4307250.00,876000.00,612660.00,511000.00,1098437.50,2485437.50,"+32500 surplus on subscribe (Stable Yield, 3+1 cohort); platform MP in 6000 ARS (6%); IIBB est. 3500 ARS (3.5%); Ganancias est. 8125 ARS (25% of surplus slice)"
232,payout,Capital Shield,6,Investment86,106000,4283000.00,81750.00,4201250.00,876000.00,619020.00,511000.00,1098437.50,2485437.50,"Cohort payout 106000 ARS (6%); unlocked by Investment144, Investment145, Investment146 (3 unlockers); user MP out ~6360 ARS (6%, absorbed by user)"
233,subscription,Stable Yield,10,Investment147,100000,4383000.00,114250.00,4268750.00,882000.00,619020.00,514500.00,1106562.50,2503062.50,"+32500 surplus on subscribe (Stable Yield, 3+1 cohort); platform MP in 6000 ARS (6%); IIBB est. 3500 ARS (3.5%); Ganancias est. 8125 ARS (25% of surplus slice)"
234,surplus_payout,Stable Yield,10,Investment87,110000,4273000.00,4250.00,4268750.00,882000.00,625620.00,514500.00,1106562.50,2503062.50,"Surplus ≥ 110000; pool and surplus −110000; user MP out ~6600 ARS (6%, absorbed by user)"
235,subscription,Balanced Growth,15,Investment148,100000,4373000.00,35500.00,4337500.00,888000.00,625620.00,518000.00,1114375.00,2520375.00,"+31250 surplus on subscribe (Balanced Growth, 3+1 cohort); platform MP in 6000 ARS (6%); IIBB est. 3500 ARS (3.5%); Ganancias est. 7812.5 ARS (25% of surplus slice)"
236,subscription,Balanced Growth,15,Investment149,100000,4473000.00,66750.00,4406250.00,894000.00,625620.00,521500.00,1122187.50,2537687.50,"+31250 surplus on subscribe (Balanced Growth, 3+1 cohort); platform MP in 6000 ARS (6%); IIBB est. 3500 ARS (3.5%); Ganancias est. 7812.5 ARS (25% of surplus slice)"
237,payout,Capital Shield,6,Investment88,106000,4367000.00,66750.00,4300250.00,894000.00,631980.00,521500.00,1122187.50,2537687.50,"Cohort payout 106000 ARS (6%); unlocked by Investment147, Investment148, Investment149 (3 unlockers); user MP out ~6360 ARS (6%, absorbed by user)"
238,subscription,Growth Partners,25,Investment150,100000,4467000.00,95500.00,4371500.00,900000.00,631980.00,525000.00,1129375.00,2554375.00,"+28750 surplus on subscribe (Growth Partners, 3+1 cohort); platform MP in 6000 ARS (6%); IIBB est. 3500 ARS (3.5%); Ganancias est. 7187.5 ARS (25% of surplus slice)"
239,subscription,Growth Partners,25,Investment151,100000,4567000.00,124250.00,4442750.00,906000.00,631980.00,528500.00,1136562.50,2571062.50,"+28750 surplus on subscribe (Growth Partners, 3+1 cohort); platform MP in 6000 ARS (6%); IIBB est. 3500 ARS (3.5%); Ganancias est. 7187.5 ARS (25% of surplus slice)"
240,surplus_payout,Stable Yield,10,Investment89,110000,4457000.00,14250.00,4442750.00,906000.00,638580.00,528500.00,1136562.50,2571062.50,"Surplus ≥ 110000; pool and surplus −110000; user MP out ~6600 ARS (6%, absorbed by user)"
241,subscription,Aggressive Alpha,40,Investment152,100000,4557000.00,39250.00,4517750.00,912000.00,638580.00,532000.00,1142812.50,2586812.50,"+25000 surplus on subscribe (Aggressive Alpha, 3+1 cohort); platform MP in 6000 ARS (6%); IIBB est. 3500 ARS (3.5%); Ganancias est. 6250 ARS (25% of surplus slice)"
242,payout,Aggressive Alpha,40,Investment90,140000,4417000.00,39250.00,4377750.00,912000.00,646980.00,532000.00,1142812.50,2586812.50,"Cohort payout 140000 ARS (40%); unlocked by Investment150, Investment151, Investment152 (3 unlockers); user MP out ~8400 ARS (6%, absorbed by user)"
243,subscription,Capital Shield,6,Investment153,100000,4517000.00,72750.00,4444250.00,918000.00,646980.00,535500.00,1151187.50,2604687.50,"+33500 surplus on subscribe (Capital Shield, 3+1 cohort); platform MP in 6000 ARS (6%); IIBB est. 3500 ARS (3.5%); Ganancias est. 8375 ARS (25% of surplus slice)"
244,subscription,Stable Yield,10,Investment154,100000,4617000.00,105250.00,4511750.00,924000.00,646980.00,539000.00,1159312.50,2622312.50,"+32500 surplus on subscribe (Stable Yield, 3+1 cohort); platform MP in 6000 ARS (6%); IIBB est. 3500 ARS (3.5%); Ganancias est. 8125 ARS (25% of surplus slice)"
245,subscription,Growth Partners,25,Investment155,100000,4717000.00,134000.00,4583000.00,930000.00,646980.00,542500.00,1166500.00,2639000.00,"+28750 surplus on subscribe (Growth Partners, 3+1 cohort); platform MP in 6000 ARS (6%); IIBB est. 3500 ARS (3.5%); Ganancias est. 7187.5 ARS (25% of surplus slice)"
246,surplus_payout,Capital Shield,6,Investment91,106000,4611000.00,28000.00,4583000.00,930000.00,653340.00,542500.00,1166500.00,2639000.00,"Surplus ≥ 106000; pool and surplus −106000; user MP out ~6360 ARS (6%, absorbed by user)"
247,payout,Aggressive Alpha,40,Investment92,140000,4471000.00,28000.00,4443000.00,930000.00,661740.00,542500.00,1166500.00,2639000.00,"Cohort payout 140000 ARS (40%); unlocked by Investment153, Investment154, Investment155 (3 unlockers); user MP out ~8400 ARS (6%, absorbed by user)"
248,subscription,Capital Shield,6,Investment156,100000,4571000.00,61500.00,4509500.00,936000.00,661740.00,546000.00,1174875.00,2656875.00,"+33500 surplus on subscribe (Capital Shield, 3+1 cohort); platform MP in 6000 ARS (6%); IIBB est. 3500 ARS (3.5%); Ganancias est. 8375 ARS (25% of surplus slice)"
249,subscription,Stable Yield,10,Investment157,100000,4671000.00,94000.00,4577000.00,942000.00,661740.00,549500.00,1183000.00,2674500.00,"+32500 surplus on subscribe (Stable Yield, 3+1 cohort); platform MP in 6000 ARS (6%); IIBB est. 3500 ARS (3.5%); Ganancias est. 8125 ARS (25% of surplus slice)"
250,subscription,Balanced Growth,15,Investment158,100000,4771000.00,125250.00,4645750.00,948000.00,661740.00,553000.00,1190812.50,2691812.50,"+31250 surplus on subscribe (Balanced Growth, 3+1 cohort); platform MP in 6000 ARS (6%); IIBB est. 3500 ARS (3.5%); Ganancias est. 7812.5 ARS (25% of surplus slice)"
251,surplus_payout,Balanced Growth,15,Investment95,115000,4656000.00,10250.00,4645750.00,948000.00,668640.00,553000.00,1190812.50,2691812.50,"Surplus ≥ 115000; pool and surplus −115000; user MP out ~6900 ARS (6%, absorbed by user)"
252,payout,Aggressive Alpha,40,Investment93,140000,4516000.00,10250.00,4505750.00,948000.00,677040.00,553000.00,1190812.50,2691812.50,"Cohort payout 140000 ARS (40%); unlocked by Investment156, Investment157, Investment158 (3 unlockers); user MP out ~8400 ARS (6%, absorbed by user)"
253,subscription,Capital Shield,6,Investment159,100000,4616000.00,43750.00,4572250.00,954000.00,677040.00,556500.00,1199187.50,2709687.50,"+33500 surplus on subscribe (Capital Shield, 3+1 cohort); platform MP in 6000 ARS (6%); IIBB est. 3500 ARS (3.5%); Ganancias est. 8375 ARS (25% of surplus slice)"
254,subscription,Stable Yield,10,Investment160,100000,4716000.00,76250.00,4639750.00,960000.00,677040.00,560000.00,1207312.50,2727312.50,"+32500 surplus on subscribe (Stable Yield, 3+1 cohort); platform MP in 6000 ARS (6%); IIBB est. 3500 ARS (3.5%); Ganancias est. 8125 ARS (25% of surplus slice)"
255,subscription,Capital Shield,6,Investment161,100000,4816000.00,109750.00,4706250.00,966000.00,677040.00,563500.00,1215687.50,2745187.50,"+33500 surplus on subscribe (Capital Shield, 3+1 cohort); platform MP in 6000 ARS (6%); IIBB est. 3500 ARS (3.5%); Ganancias est. 8375 ARS (25% of surplus slice)"
256,surplus_payout,Capital Shield,6,Investment98,106000,4710000.00,3750.00,4706250.00,966000.00,683400.00,563500.00,1215687.50,2745187.50,"Surplus ≥ 106000; pool and surplus −106000; user MP out ~6360 ARS (6%, absorbed by user)"
257,payout,Aggressive Alpha,40,Investment94,140000,4570000.00,3750.00,4566250.00,966000.00,691800.00,563500.00,1215687.50,2745187.50,"Cohort payout 140000 ARS (40%); unlocked by Investment159, Investment160, Investment161 (3 unlockers); user MP out ~8400 ARS (6%, absorbed by user)"
258,subscription,Capital Shield,6,Investment162,100000,4670000.00,37250.00,4632750.00,972000.00,691800.00,567000.00,1224062.50,2763062.50,"+33500 surplus on subscribe (Capital Shield, 3+1 cohort); platform MP in 6000 ARS (6%); IIBB est. 3500 ARS (3.5%); Ganancias est. 8375 ARS (25% of surplus slice)"
259,subscription,Balanced Growth,15,Investment163,100000,4770000.00,68500.00,4701500.00,978000.00,691800.00,570500.00,1231875.00,2780375.00,"+31250 surplus on subscribe (Balanced Growth, 3+1 cohort); platform MP in 6000 ARS (6%); IIBB est. 3500 ARS (3.5%); Ganancias est. 7812.5 ARS (25% of surplus slice)"
260,subscription,Stable Yield,10,Investment164,100000,4870000.00,101000.00,4769000.00,984000.00,691800.00,574000.00,1240000.00,2798000.00,"+32500 surplus on subscribe (Stable Yield, 3+1 cohort); platform MP in 6000 ARS (6%); IIBB est. 3500 ARS (3.5%); Ganancias est. 8125 ARS (25% of surplus slice)"
261,payout,Stable Yield,10,Investment96,110000,4760000.00,101000.00,4659000.00,984000.00,698400.00,574000.00,1240000.00,2798000.00,"Cohort payout 110000 ARS (10%); unlocked by Investment162, Investment163, Investment164 (3 unlockers); user MP out ~6600 ARS (6%, absorbed by user)"
262,subscription,Aggressive Alpha,40,Investment165,100000,4860000.00,126000.00,4734000.00,990000.00,698400.00,577500.00,1246250.00,2813750.00,"+25000 surplus on subscribe (Aggressive Alpha, 3+1 cohort); platform MP in 6000 ARS (6%); IIBB est. 3500 ARS (3.5%); Ganancias est. 6250 ARS (25% of surplus slice)"
263,surplus_payout,Growth Partners,25,Investment97,125000,4735000.00,1000.00,4734000.00,990000.00,705900.00,577500.00,1246250.00,2813750.00,"Surplus ≥ 125000; pool and surplus −125000; user MP out ~7500 ARS (6%, absorbed by user)"
264,subscription,Stable Yield,10,Investment166,100000,4835000.00,33500.00,4801500.00,996000.00,705900.00,581000.00,1254375.00,2831375.00,"+32500 surplus on subscribe (Stable Yield, 3+1 cohort); platform MP in 6000 ARS (6%); IIBB est. 3500 ARS (3.5%); Ganancias est. 8125 ARS (25% of surplus slice)"
265,subscription,Balanced Growth,15,Investment167,100000,4935000.00,64750.00,4870250.00,1002000.00,705900.00,584500.00,1262187.50,2848687.50,"+31250 surplus on subscribe (Balanced Growth, 3+1 cohort); platform MP in 6000 ARS (6%); IIBB est. 3500 ARS (3.5%); Ganancias est. 7812.5 ARS (25% of surplus slice)"
266,payout,Growth Partners,25,Investment99,125000,4810000.00,64750.00,4745250.00,1002000.00,713400.00,584500.00,1262187.50,2848687.50,"Cohort payout 125000 ARS (25%); unlocked by Investment165, Investment166, Investment167 (3 unlockers); user MP out ~7500 ARS (6%, absorbed by user)"
267,subscription,Aggressive Alpha,40,Investment168,100000,4910000.00,89750.00,4820250.00,1008000.00,713400.00,588000.00,1268437.50,2864437.50,"+25000 surplus on subscribe (Aggressive Alpha, 3+1 cohort); platform MP in 6000 ARS (6%); IIBB est. 3500 ARS (3.5%); Ganancias est. 6250 ARS (25% of surplus slice)"
268,subscription,Aggressive Alpha,40,Investment169,100000,5010000.00,114750.00,4895250.00,1014000.00,713400.00,591500.00,1274687.50,2880187.50,"+25000 surplus on subscribe (Aggressive Alpha, 3+1 cohort); platform MP in 6000 ARS (6%); IIBB est. 3500 ARS (3.5%); Ganancias est. 6250 ARS (25% of surplus slice)"
269,surplus_payout,Stable Yield,10,Investment103,110000,4900000.00,4750.00,4895250.00,1014000.00,720000.00,591500.00,1274687.50,2880187.50,"Surplus ≥ 110000; pool and surplus −110000; user MP out ~6600 ARS (6%, absorbed by user)"
270,subscription,Aggressive Alpha,40,Investment170,100000,5000000.00,29750.00,4970250.00,1020000.00,720000.00,595000.00,1280937.50,2895937.50,"+25000 surplus on subscribe (Aggressive Alpha, 3+1 cohort); platform MP in 6000 ARS (6%); IIBB est. 3500 ARS (3.5%); Ganancias est. 6250 ARS (25% of surplus slice)"
271,payout,Growth Partners,25,Investment100,125000,4875000.00,29750.00,4845250.00,1020000.00,727500.00,595000.00,1280937.50,2895937.50,"Cohort payout 125000 ARS (25%); unlocked by Investment168, Investment169, Investment170 (3 unlockers); user MP out ~7500 ARS (6%, absorbed by user)"
272,subscription,Capital Shield,6,Investment171,100000,4975000.00,63250.00,4911750.00,1026000.00,727500.00,598500.00,1289312.50,2913812.50,"+33500 surplus on subscribe (Capital Shield, 3+1 cohort); platform MP in 6000 ARS (6%); IIBB est. 3500 ARS (3.5%); Ganancias est. 8375 ARS (25% of surplus slice)"
273,subscription,Growth Partners,25,Investment172,100000,5075000.00,92000.00,4983000.00,1032000.00,727500.00,602000.00,1296500.00,2930500.00,"+28750 surplus on subscribe (Growth Partners, 3+1 cohort); platform MP in 6000 ARS (6%); IIBB est. 3500 ARS (3.5%); Ganancias est. 7187.5 ARS (25% of surplus slice)"
274,subscription,Growth Partners,25,Investment173,100000,5175000.00,120750.00,5054250.00,1038000.00,727500.00,605500.00,1303687.50,2947187.50,"+28750 surplus on subscribe (Growth Partners, 3+1 cohort); platform MP in 6000 ARS (6%); IIBB est. 3500 ARS (3.5%); Ganancias est. 7187.5 ARS (25% of surplus slice)"
275,surplus_payout,Balanced Growth,15,Investment101,115000,5060000.00,5750.00,5054250.00,1038000.00,734400.00,605500.00,1303687.50,2947187.50,"Surplus ≥ 115000; pool and surplus −115000; user MP out ~6900 ARS (6%, absorbed by user)"
276,payout,Growth Partners,25,Investment102,125000,4935000.00,5750.00,4929250.00,1038000.00,741900.00,605500.00,1303687.50,2947187.50,"Cohort payout 125000 ARS (25%); unlocked by Investment171, Investment172, Investment173 (3 unlockers); user MP out ~7500 ARS (6%, absorbed by user)"
277,subscription,Stable Yield,10,Investment174,100000,5035000.00,38250.00,4996750.00,1044000.00,741900.00,609000.00,1311812.50,2964812.50,"+32500 surplus on subscribe (Stable Yield, 3+1 cohort); platform MP in 6000 ARS (6%); IIBB est. 3500 ARS (3.5%); Ganancias est. 8125 ARS (25% of surplus slice)"
278,subscription,Balanced Growth,15,Investment175,100000,5135000.00,69500.00,5065500.00,1050000.00,741900.00,612500.00,1319625.00,2982125.00,"+31250 surplus on subscribe (Balanced Growth, 3+1 cohort); platform MP in 6000 ARS (6%); IIBB est. 3500 ARS (3.5%); Ganancias est. 7812.5 ARS (25% of surplus slice)"
279,subscription,Balanced Growth,15,Investment176,100000,5235000.00,100750.00,5134250.00,1056000.00,741900.00,616000.00,1327437.50,2999437.50,"+31250 surplus on subscribe (Balanced Growth, 3+1 cohort); platform MP in 6000 ARS (6%); IIBB est. 3500 ARS (3.5%); Ganancias est. 7812.5 ARS (25% of surplus slice)"
280,payout,Aggressive Alpha,40,Investment104,140000,5095000.00,100750.00,4994250.00,1056000.00,750300.00,616000.00,1327437.50,2999437.50,"Cohort payout 140000 ARS (40%); unlocked by Investment174, Investment175, Investment176 (3 unlockers); user MP out ~8400 ARS (6%, absorbed by user)"
281,subscription,Balanced Growth,15,Investment177,100000,5195000.00,132000.00,5063000.00,1062000.00,750300.00,619500.00,1335250.00,3016750.00,"+31250 surplus on subscribe (Balanced Growth, 3+1 cohort); platform MP in 6000 ARS (6%); IIBB est. 3500 ARS (3.5%); Ganancias est. 7812.5 ARS (25% of surplus slice)"
282,surplus_payout,Stable Yield,10,Investment105,110000,5085000.00,22000.00,5063000.00,1062000.00,756900.00,619500.00,1335250.00,3016750.00,"Surplus ≥ 110000; pool and surplus −110000; user MP out ~6600 ARS (6%, absorbed by user)"
283,subscription,Stable Yield,10,Investment178,100000,5185000.00,54500.00,5130500.00,1068000.00,756900.00,623000.00,1343375.00,3034375.00,"+32500 surplus on subscribe (Stable Yield, 3+1 cohort); platform MP in 6000 ARS (6%); IIBB est. 3500 ARS (3.5%); Ganancias est. 8125 ARS (25% of surplus slice)"
284,subscription,Growth Partners,25,Investment179,100000,5285000.00,83250.00,5201750.00,1074000.00,756900.00,626500.00,1350562.50,3051062.50,"+28750 surplus on subscribe (Growth Partners, 3+1 cohort); platform MP in 6000 ARS (6%); IIBB est. 3500 ARS (3.5%); Ganancias est. 7187.5 ARS (25% of surplus slice)"
285,payout,Stable Yield,10,Investment106,110000,5175000.00,83250.00,5091750.00,1074000.00,763500.00,626500.00,1350562.50,3051062.50,"Cohort payout 110000 ARS (10%); unlocked by Investment177, Investment178, Investment179 (3 unlockers); user MP out ~6600 ARS (6%, absorbed by user)"
286,subscription,Growth Partners,25,Investment180,100000,5275000.00,112000.00,5163000.00,1080000.00,763500.00,630000.00,1357750.00,3067750.00,"+28750 surplus on subscribe (Growth Partners, 3+1 cohort); platform MP in 6000 ARS (6%); IIBB est. 3500 ARS (3.5%); Ganancias est. 7187.5 ARS (25% of surplus slice)"
287,surplus_payout,Capital Shield,6,Investment107,106000,5169000.00,6000.00,5163000.00,1080000.00,769860.00,630000.00,1357750.00,3067750.00,"Surplus ≥ 106000; pool and surplus −106000; user MP out ~6360 ARS (6%, absorbed by user)"
288,subscription,Capital Shield,6,Investment181,100000,5269000.00,39500.00,5229500.00,1086000.00,769860.00,633500.00,1366125.00,3085625.00,"+33500 surplus on subscribe (Capital Shield, 3+1 cohort); platform MP in 6000 ARS (6%); IIBB est. 3500 ARS (3.5%); Ganancias est. 8375 ARS (25% of surplus slice)"
289,subscription,Growth Partners,25,Investment182,100000,5369000.00,68250.00,5300750.00,1092000.00,769860.00,637000.00,1373312.50,3102312.50,"+28750 surplus on subscribe (Growth Partners, 3+1 cohort); platform MP in 6000 ARS (6%); IIBB est. 3500 ARS (3.5%); Ganancias est. 7187.5 ARS (25% of surplus slice)"
290,payout,Growth Partners,25,Investment108,125000,5244000.00,68250.00,5175750.00,1092000.00,777360.00,637000.00,1373312.50,3102312.50,"Cohort payout 125000 ARS (25%); unlocked by Investment180, Investment181, Investment182 (3 unlockers); user MP out ~7500 ARS (6%, absorbed by user)"
291,subscription,Growth Partners,25,Investment183,100000,5344000.00,97000.00,5247000.00,1098000.00,777360.00,640500.00,1380500.00,3119000.00,"+28750 surplus on subscribe (Growth Partners, 3+1 cohort); platform MP in 6000 ARS (6%); IIBB est. 3500 ARS (3.5%); Ganancias est. 7187.5 ARS (25% of surplus slice)"
292,subscription,Capital Shield,6,Investment184,100000,5444000.00,130500.00,5313500.00,1104000.00,777360.00,644000.00,1388875.00,3136875.00,"+33500 surplus on subscribe (Capital Shield, 3+1 cohort); platform MP in 6000 ARS (6%); IIBB est. 3500 ARS (3.5%); Ganancias est. 8375 ARS (25% of surplus slice)"
293,surplus_payout,Capital Shield,6,Investment109,106000,5338000.00,24500.00,5313500.00,1104000.00,783720.00,644000.00,1388875.00,3136875.00,"Surplus ≥ 106000; pool and surplus −106000; user MP out ~6360 ARS (6%, absorbed by user)"
294,subscription,Balanced Growth,15,Investment185,100000,5438000.00,55750.00,5382250.00,1110000.00,783720.00,647500.00,1396687.50,3154187.50,"+31250 surplus on subscribe (Balanced Growth, 3+1 cohort); platform MP in 6000 ARS (6%); IIBB est. 3500 ARS (3.5%); Ganancias est. 7812.5 ARS (25% of surplus slice)"
295,payout,Stable Yield,10,Investment110,110000,5328000.00,55750.00,5272250.00,1110000.00,790320.00,647500.00,1396687.50,3154187.50,"Cohort payout 110000 ARS (10%); unlocked by Investment183, Investment184, Investment185 (3 unlockers); user MP out ~6600 ARS (6%, absorbed by user)"
296,subscription,Capital Shield,6,Investment186,100000,5428000.00,89250.00,5338750.00,1116000.00,790320.00,651000.00,1405062.50,3172062.50,"+33500 surplus on subscribe (Capital Shield, 3+1 cohort); platform MP in 6000 ARS (6%); IIBB est. 3500 ARS (3.5%); Ganancias est. 8375 ARS (25% of surplus slice)"
297,subscription,Stable Yield,10,Investment187,100000,5528000.00,121750.00,5406250.00,1122000.00,790320.00,654500.00,1413187.50,3189687.50,"+32500 surplus on subscribe (Stable Yield, 3+1 cohort); platform MP in 6000 ARS (6%); IIBB est. 3500 ARS (3.5%); Ganancias est. 8125 ARS (25% of surplus slice)"
298,surplus_payout,Balanced Growth,15,Investment111,115000,5413000.00,6750.00,5406250.00,1122000.00,797220.00,654500.00,1413187.50,3189687.50,"Surplus ≥ 115000; pool and surplus −115000; user MP out ~6900 ARS (6%, absorbed by user)"
299,subscription,Aggressive Alpha,40,Investment188,100000,5513000.00,31750.00,5481250.00,1128000.00,797220.00,658000.00,1419437.50,3205437.50,"+25000 surplus on subscribe (Aggressive Alpha, 3+1 cohort); platform MP in 6000 ARS (6%); IIBB est. 3500 ARS (3.5%); Ganancias est. 6250 ARS (25% of surplus slice)"
300,payout,Stable Yield,10,Investment112,110000,5403000.00,31750.00,5371250.00,1128000.00,803820.00,658000.00,1419437.50,3205437.50,"Cohort payout 110000 ARS (10%); unlocked by Investment186, Investment187, Investment188 (3 unlockers); user MP out ~6600 ARS (6%, absorbed by user)"
301,subscription,Growth Partners,25,Investment189,100000,5503000.00,60500.00,5442500.00,1134000.00,803820.00,661500.00,1426625.00,3222125.00,"+28750 surplus on subscribe (Growth Partners, 3+1 cohort); platform MP in 6000 ARS (6%); IIBB est. 3500 ARS (3.5%); Ganancias est. 7187.5 ARS (25% of surplus slice)"
302,subscription,Stable Yield,10,Investment190,100000,5603000.00,93000.00,5510000.00,1140000.00,803820.00,665000.00,1434750.00,3239750.00,"+32500 surplus on subscribe (Stable Yield, 3+1 cohort); platform MP in 6000 ARS (6%); IIBB est. 3500 ARS (3.5%); Ganancias est. 8125 ARS (25% of surplus slice)"
303,subscription,Growth Partners,25,Investment191,100000,5703000.00,121750.00,5581250.00,1146000.00,803820.00,668500.00,1441937.50,3256437.50,"+28750 surplus on subscribe (Growth Partners, 3+1 cohort); platform MP in 6000 ARS (6%); IIBB est. 3500 ARS (3.5%); Ganancias est. 7187.5 ARS (25% of surplus slice)"
304,surplus_payout,Capital Shield,6,Investment114,106000,5597000.00,15750.00,5581250.00,1146000.00,810180.00,668500.00,1441937.50,3256437.50,"Surplus ≥ 106000; pool and surplus −106000; user MP out ~6360 ARS (6%, absorbed by user)"
305,payout,Aggressive Alpha,40,Investment113,140000,5457000.00,15750.00,5441250.00,1146000.00,818580.00,668500.00,1441937.50,3256437.50,"Cohort payout 140000 ARS (40%); unlocked by Investment189, Investment190, Investment191 (3 unlockers); user MP out ~8400 ARS (6%, absorbed by user)"
306,subscription,Capital Shield,6,Investment192,100000,5557000.00,49250.00,5507750.00,1152000.00,818580.00,672000.00,1450312.50,3274312.50,"+33500 surplus on subscribe (Capital Shield, 3+1 cohort); platform MP in 6000 ARS (6%); IIBB est. 3500 ARS (3.5%); Ganancias est. 8375 ARS (25% of surplus slice)"
307,subscription,Stable Yield,10,Investment193,100000,5657000.00,81750.00,5575250.00,1158000.00,818580.00,675500.00,1458437.50,3291937.50,"+32500 surplus on subscribe (Stable Yield, 3+1 cohort); platform MP in 6000 ARS (6%); IIBB est. 3500 ARS (3.5%); Ganancias est. 8125 ARS (25% of surplus slice)"
308,subscription,Growth Partners,25,Investment194,100000,5757000.00,110500.00,5646500.00,1164000.00,818580.00,679000.00,1465625.00,3308625.00,"+28750 surplus on subscribe (Growth Partners, 3+1 cohort); platform MP in 6000 ARS (6%); IIBB est. 3500 ARS (3.5%); Ganancias est. 7187.5 ARS (25% of surplus slice)"
309,surplus_payout,Capital Shield,6,Investment116,106000,5651000.00,4500.00,5646500.00,1164000.00,824940.00,679000.00,1465625.00,3308625.00,"Surplus ≥ 106000; pool and surplus −106000; user MP out ~6360 ARS (6%, absorbed by user)"
310,payout,Growth Partners,25,Investment115,125000,5526000.00,4500.00,5521500.00,1164000.00,832440.00,679000.00,1465625.00,3308625.00,"Cohort payout 125000 ARS (25%); unlocked by Investment192, Investment193, Investment194 (3 unlockers); user MP out ~7500 ARS (6%, absorbed by user)"
311,subscription,Growth Partners,25,Investment195,100000,5626000.00,33250.00,5592750.00,1170000.00,832440.00,682500.00,1472812.50,3325312.50,"+28750 surplus on subscribe (Growth Partners, 3+1 cohort); platform MP in 6000 ARS (6%); IIBB est. 3500 ARS (3.5%); Ganancias est. 7187.5 ARS (25% of surplus slice)"
312,subscription,Aggressive Alpha,40,Investment196,100000,5726000.00,58250.00,5667750.00,1176000.00,832440.00,686000.00,1479062.50,3341062.50,"+25000 surplus on subscribe (Aggressive Alpha, 3+1 cohort); platform MP in 6000 ARS (6%); IIBB est. 3500 ARS (3.5%); Ganancias est. 6250 ARS (25% of surplus slice)"
313,subscription,Balanced Growth,15,Investment197,100000,5826000.00,89500.00,5736500.00,1182000.00,832440.00,689500.00,1486875.00,3358375.00,"+31250 surplus on subscribe (Balanced Growth, 3+1 cohort); platform MP in 6000 ARS (6%); IIBB est. 3500 ARS (3.5%); Ganancias est. 7812.5 ARS (25% of surplus slice)"
314,payout,Balanced Growth,15,Investment117,115000,5711000.00,89500.00,5621500.00,1182000.00,839340.00,689500.00,1486875.00,3358375.00,"Cohort payout 115000 ARS (15%); unlocked by Investment195, Investment196, Investment197 (3 unlockers); user MP out ~6900 ARS (6%, absorbed by user)"
315,subscription,Growth Partners,25,Investment198,100000,5811000.00,118250.00,5692750.00,1188000.00,839340.00,693000.00,1494062.50,3375062.50,"+28750 surplus on subscribe (Growth Partners, 3+1 cohort); platform MP in 6000 ARS (6%); IIBB est. 3500 ARS (3.5%); Ganancias est. 7187.5 ARS (25% of surplus slice)"
316,surplus_payout,Capital Shield,6,Investment119,106000,5705000.00,12250.00,5692750.00,1188000.00,845700.00,693000.00,1494062.50,3375062.50,"Surplus ≥ 106000; pool and surplus −106000; user MP out ~6360 ARS (6%, absorbed by user)"
317,subscription,Stable Yield,10,Investment199,100000,5805000.00,44750.00,5760250.00,1194000.00,845700.00,696500.00,1502187.50,3392687.50,"+32500 surplus on subscribe (Stable Yield, 3+1 cohort); platform MP in 6000 ARS (6%); IIBB est. 3500 ARS (3.5%); Ganancias est. 8125 ARS (25% of surplus slice)"
318,subscription,Balanced Growth,15,Investment200,100000,5905000.00,76000.00,5829000.00,1200000.00,845700.00,700000.00,1510000.00,3410000.00,"+31250 surplus on subscribe (Balanced Growth, 3+1 cohort); platform MP in 6000 ARS (6%); IIBB est. 3500 ARS (3.5%); Ganancias est. 7812.5 ARS (25% of surplus slice)"
319,payout,Aggressive Alpha,40,Investment118,140000,5765000.00,76000.00,5689000.00,1200000.00,854100.00,700000.00,1510000.00,3410000.00,"Cohort payout 140000 ARS (40%); unlocked by Investment198, Investment199, Investment200 (3 unlockers); user MP out ~8400 ARS (6%, absorbed by user)"
